0,
1,387,396,452
2,3554,3587,3588,3638
3,3584
4,4931
5,89
6,14,121
7,9
8,9
9,7,8,10
10,9,11,62,76,206,209
11,10,51
12,95,126
13,14
14,6,13,15,16,84
15,14,17,18,30,148
16,14
17,15
18,15
19,20,191
20,19,21,131
21,20,200
22,52,177
23,4446
24,4447
25,54,4462
26,59,137
27,95,132,140,204
28,162,167
29,99
30,15,131,161
31,124,141
32,63,105
33,156,175
34,35
35,34,36,98
36,35,37,70,142,143
37,36,38,39,40,48,158
38,37
39,37
40,37
41,98,203
42,43,59,168,219,233
43,42,99,182
44,95,164
45,48
46,48
47,48,185
48,37,45,46,47,172
49,76,102,107
50,4449
51,11,140,206
52,22,121,195
53,112,120,173
54,25,232
55,110,148
56,89,108
57,120,150,153,176,199
58,99,2563
59,26,42,60,168
60,59,61
61,60,155
62,10,189,210
63,32,155
64,69
65,69
66,69
67,70
68,71
69,64,65,66,70,980,4894
70,36,67,69,71,1031,1053,2345
71,68,70,109
72,87,225
73,74,113,216
74,73,92,232
75,99
76,10,49
77,78,87,111,186
78,77,171,192
79,80,110
80,79,81
81,80,185,200,990
82,83,2563
83,82,99
84,14,219,222
85,4447,4462
86,152,4449
87,72,77,111
88,89,90
89,5,56,88,91,173,179,196,199
90,88
91,89
92,74,497,4447
93,95,124,175
94,95
95,12,27,44,93,94,96,132
96,95,130,172
97,145,149
98,35,41
99,29,43,58,75,83,101,126,136,206
100,101,4460
101,99,100
102,49,124,211
103,141
104,146,154,191
105,32,175,223
106,185,1031,1056
107,49,187
108,56,179
109,71,117,208,4121
110,55,79
111,77,87
112,53,149,193,205
113,73,114,216
114,113,130,3771
115,116
116,115,206
117,109,118,119,208,523
118,117
119,117
120,53,57,149,176
121,6,52
122,123
123,122,124
124,31,93,102,123,141
125,154,174,195,233
126,12,99,209
127,130
128,130
129,130
130,96,114,127,128,129,208,236,4113
131,20,30
132,27,95,140
133,4462
134,2563
135,223,237
136,99,237
137,26,147
138,224,225,230
139,140,141,144,151,206,4883
140,27,51,132,139,141
141,31,103,124,139,140,142,187
142,36,141,143
143,36,142
144,139,152,203,235
145,97,193
146,104,195,197
147,137,154
148,15,55
149,97,112,120
150,57,199
151,139,182,192
152,86,144
153,57,199
154,104,125,147,155,157,158,159
155,61,63,154,156,158,160,174
156,33,155
157,154,190
158,37,154,155,194
159,154
160,155
161,30
162,28,197
163,164,166
164,44,163,165,192
165,164
166,163
167,28,177
168,42,59
169,171,230
170,171,188,228
171,78,169,170,172
172,48,96,171
173,53,89
174,125,155
175,33,93,105,190
176,57,120
177,22,167
178,179,180,181
179,89,108,178
180,178,200,207
181,178
182,43,151
183,185
184,185
185,47,81,106,183,184,201,998
186,77,188
187,107,141
188,170,186,229,231
189,62,206
190,157,175
191,19,104
192,78,151,164
193,112,145,194
194,158,193
195,52,125,146
196,89,205
197,146,162
198,202
199,57,89,150,153,201,202
200,21,81,180,202
201,185,199
202,198,199,200
203,41,144
204,27
205,112,196
206,10,51,99,116,139,189,208
207,180,208
208,109,117,130,206,207
209,10,126
210,62
211,102,212,213,214
212,211
213,211
214,211
215,216,500
216,73,113,215
217,226,229
218,219
219,42,84,218
220,225
221,222
222,84,221,226
223,105,135
224,138,228
225,72,138,220
226,217,222
227,230,231
228,170,224
229,188,217
230,138,169,227
231,188,227
232,54,74
233,42,125
234,235
235,144,234
236,130
237,135,136,238
238,237
239,253,319,4424
240,241,334,355
241,240,317,328,338
242,243,352
243,242,285,364,365,366,367
244,343,356
245,336,362
246,248
247,248,258,299,372,379
248,246,247,331
249,251
250,251,281,306,313,314,361
251,249,250
252,253,290,320,368,371
253,239,252,254,290,323,377
254,253,338,4363
255,256,285,330
256,255,286,300
257,260
258,247,260,311,361,369,382
259,300,307,312
260,257,258
261,262,288,351,370,383
262,261,263,268,335
263,262,345,346
264,322,4416
265,282,335
266,309
267,268,351
268,262,267
269,270
270,269,347,363
271,275
272,275
273,275,373
274,275
275,271,272,273,274,276,326,363
276,275
277,287,352
278,315,343
279,299,336,379
280,281,283,296,303,314
281,250,280,306,313,314,361
282,265,335
283,280,285,296,303,314
284,285
285,243,255,283,284,286,297,306,367
286,256,285,307,317,1179
287,277
288,261,352
289,291
290,252,253
291,289,337,4436
292,293
293,292,326,363
294,299
295,301
296,280,283,297,303,314
297,285,296,366
298,301,309,341
299,247,279,294,300,336,344
300,256,259,299,317,363
301,295,298
302,303
303,280,283,296,302,314
304,308,317
305,306
306,250,281,285,305,307,314
307,259,286,306,317
308,304
309,266,298,324,341
310,354,359,4432
311,258,312,369
312,259,311,345,346
313,250,281,314
314,250,280,281,283,296,303,306,313
315,278,316,327
316,315,317,357
317,241,286,300,304,307,316,338
318,319,1120
319,239,318,337
320,252,321,323,371
321,320,322
322,264,321,4342
323,253,320
324,309
325,326
326,275,293,325
327,315,4429
328,241,329,380
329,328
330,255,331
331,248,330,358
332,341,381
333,334,354,356
334,240,333
335,262,265,282,353
336,245,279,299,374
337,291,319,338,339
338,241,254,317,337
339,337,340
340,339
341,298,309,332,342
342,341,347
343,244,278,344,356
344,299,343
345,263,312
346,263,312
347,270,342
348,353
349,353
350,351
351,261,267,350,370
352,242,277,288,353
353,335,348,349,352
354,310,333,355,356,375,4426
355,240,354,4427
356,244,333,343,354,357
357,316,356
358,331,378
359,310
360,362
361,250,258,281,382
362,245,360,363
363,270,275,293,300,362
364,243
365,243
366,243,297
367,243,285
368,252,371
369,258,311
370,261,351
371,252,320,368
372,247,379
373,273
374,336
375,354
376,379
377,253
378,358
379,247,279,372,376
380,328
381,332
382,258,361
383,261
384,385,430,446,455,456,463
385,384,394,427,448
386,387
387,1,386,388,446,447,2308
388,387
389,431
390,438,2283
391,392
392,391,393,395,410,424
393,392,403,407,426,437
394,385,396,397,448,2224
395,392,443,458
396,1,394,420,2214,2394
397,394,398,399,400,401,421,2232,2284
398,397
399,397
400,397
401,397
402,403
403,393,402,404,412,436,437,440
404,403
405,406
406,405,407,432,458,461
407,393,406
408,409
409,408,438,452,457
410,392,432
411,412
412,403,411,1217
413,474,1249
414,415,416,453,460,463,465,469
415,414,426
416,414
417,418,431,445,451,470
418,417
419,422
420,396,422,457
421,397,422,427,2284
422,419,420,421
423,440,1425,1785
424,392,431
425,426,444,445
426,393,415,425,427
427,385,421,426,428,448,3988
428,427,1126
429,453,460
430,384,447,471
431,389,417,424,442,470
432,406,410,433,434,473
433,432,437
434,432
435,436
436,403,435,462,1298
437,393,403,433
438,390,409
439,440,473,474
440,403,423,439
441,442
442,431,441,443
443,395,442,467
444,425,465,469
445,417,425
446,384,387
447,387,430
448,385,394,427
449,450
450,449,466,468
451,417,469
452,1,409,454
453,414,429
454,452,464
455,384,456,471
456,384,455,460
457,409,420,466
458,395,406,461
459,462
460,414,429,456
461,406,458
462,436,459
463,384,414
464,454,468
465,414,444,470
466,450,457
467,443
468,450,464
469,414,444,451
470,417,431,465
471,430,455
472,473
473,432,439,472
474,413,439
475,482,4174
476,4114,4447
477,478
478,477,481,485
479,480,493,499
480,479,481,482
481,478,480,494
482,475,480,492,4112
483,486,490,495,496
484,485,3770
485,478,484,486,494,497
486,483,485,487,490,498,499
487,486,495
488,492
489,1184,1202
490,483,486
491,2427,2543,2544,2549,2681,2800,2833,2835,2836,2837,2950
492,482,488
493,479,494,498
494,481,485,493,4447
495,483,487
496,483,497
497,92,485,496,500
498,486,493
499,479,486
500,215,497
501,502
502,501,550,571,574
503,505
504,505
505,503,504,524,557,565
506,549,552
507,540,547,566
508,540,547,567
509,566,567
510,546,572,573
511,562
512,513,514,535,539,551,552
513,512
514,512
515,4459
516,520
517,521
518,521
519,521,3983
520,516,521
521,517,518,519,520,2313
522,523,829,833,4449,4459
523,117,522,571,4121
524,505,525,526,533
525,524,529
526,524,531
527,528,533,4146
528,527
529,525,530,531
530,529
531,526,529,532
532,531
533,524,527,534,549,557,565,569,574
534,533,571
535,512,539,551
536,537,560,575
537,536,538,558
538,537
539,512,535,552
540,507,508,541,542,543,544,545
541,540,570
542,540,570
543,540,551
544,540,546,562,566
545,540,546,562,567
546,510,544,545
547,507,508,554,555,559,560
548,549,556
549,506,533,548,550,552,553,569
550,502,549
551,512,535,543,552
552,506,512,539,549,551
553,549,556
554,547,556
555,547,556
556,548,553,554,555
557,505,533,564
558,537,559,564
559,547,558,563
560,536,547
561,562
562,511,544,545,561
563,559,564
564,557,558,563
565,505,533,1482,1483,4212
566,507,509,544
567,508,509,545
568,569
569,533,549,568
570,541,542,571,4459
571,502,523,534,570,4165
572,510
573,510
574,502,533
575,536
576,658,660,661,731
577,583,626,641
578,579
579,578,595,611
580,665,703
581,721,726
582,586,627
583,577,584,585,613,646
584,583
585,583,586,653,668,673,681
586,582,585,615
587,588
588,587,619,625,670,680,704
589,598
590,591,592,595,693
591,590
592,590
593,594,598,631
594,593
595,579,590,596,597,629,706
596,595
597,595
598,589,593,599,600,601,602,603,621,658
599,598
600,598
601,598
602,598
603,598
604,605
605,604,606,607,658,692
606,605,659,667
607,605
608,611
609,610
610,609,611,612,658,663
611,579,608,610,723
612,610
613,583,614,641,701
614,613,615
615,586,614,620,637,677
616,617
617,616,640,726
618,619
619,588,618,669
620,615,627
621,598
622,623
623,622,654,737
624,625
625,588,624,656,669,709
626,577
627,582,620
628,629
629,595,628,659
630,631
631,593,630,697
632,633
633,632,635,640,669,690,719
634,635
635,633,634,726
636,637
637,615,636,649
638,672,710,714,729
639,640
640,617,633,639,654,682,686,726
641,577,613,642
642,641
643,659
644,645
645,644,649,688
646,583,647,705
647,646
648,649
649,637,645,648
650,651
651,650,726
652,654
653,585,654,681,727
654,623,640,652,653,686,726
655,656
656,625,655,670,690
657,659
658,576,598,605,610,659,697
659,606,629,643,657,658,713,739
660,576
661,576
662,663
663,610,662,692
664,665
665,580,664
666,667
667,606,666,693
668,585,669,681,727
669,619,625,633,668,719
670,588,656
671,705
672,638,673,714
673,585,672,674,675
674,673
675,673
676,677,703
677,615,676
678,721,726
679,680
680,588,679,682
681,585,653,668,682,683,684,694,727
682,640,680,681,686,688,703,709
683,681
684,681
685,686
686,640,654,682,685
687,688
688,645,682,687
689,690
690,633,656,689,733
691,692
692,605,663,691
693,590,667,695,727,739,3770
694,681
695,693,696,727
696,695
697,631,658,698
698,697
699,700,729
700,699
701,613,703
702,703
703,580,676,682,701,702,735
704,588
705,646,671,714
706,595
707,708,710
708,707
709,625,682
710,638,707,711
711,710
712,713
713,659,712,723
714,638,672,705,715
715,714
716,717
717,716,721
718,719
719,633,669,718
720,721
721,581,678,717,720,726,728
722,723
723,611,713,722,724
724,723
725,726
726,581,617,635,640,651,654,678,721,725,727
727,653,668,681,693,695,726,3782
728,721
729,638,699,730
730,729
731,576
732,733
733,690,732
734,735
735,703,734,737
736,737
737,623,735,736
738,739
739,659,693,738
740,741,750,764
741,740,749,751,758,816
742,745
743,744,760,763,780
744,743,745,746,761,778,805
745,742,744,747,803,816,1231
746,744
747,745
748,781
749,741,751,752,776,806
750,740,753,806
751,741,749,754,758,777
752,749
753,750,2414
754,751,2415
755,765,784,804
756,758
757,758,788
758,741,751,756,757,759,792
759,758,813,814,824,825
760,743,761,763,779
761,744,760,815
762,763
763,743,760,762,779,781,790
764,740,778,815,816
765,755,775,821
766,767
767,766,804
768,772
769,773
770,773
771,772,786,798
772,768,771,773,774,787
773,769,770,772,824,825
774,772
775,765,782,818
776,749
777,751,787,4929
778,744,764,2418
779,760,763,815
780,743,790,796
781,748,763,782,784,785,790,800,804
782,775,781
783,804,4935
784,755,781,792,801
785,781
786,771,787
787,772,777,786
788,757,792,804
789,790
790,763,780,781,789
791,2305,2418
792,758,784,788,804
793,794
794,793,795,812,1215
795,794,805
796,780,797,805,809
797,796
798,771
799,800
800,781,799
801,784,802,1231,1258
802,801
803,745,2208
804,755,767,781,783,788,792,808,822
805,744,795,796,1403
806,749,750
807,808
808,804,807
809,796,810
810,809,823
811,812
812,794,811,823,1125
813,759,1228
814,759,1229
815,761,764,779
816,741,745,764,817
817,816
818,775,819
819,818,820
820,819,821,4941
821,765,820
822,804
823,810,812,1125
824,759,773
825,759,773
826,827,845
827,826,830,4463
828,829,846,859,878
829,522,828,838
830,827,835,837,4459
831,4445
832,833,856,868,869,870,896,904,905,906,907,911,920,921,933
833,522,832
834,835,855,863,867,875,892
835,830,834
836,837,893,897
837,830,836
838,829,854,872,873,4459
839,840,854
840,839,841
841,840,2352
842,843
843,842,4180
844,862,863,864,4458
845,826,847,866
846,828,878,904
847,845,848,861,871,881,885,895,901,913
848,847,849,912
849,848,880,887,888,889,890
850,856,908,909,910
851,855,899
852,855
853,854,866,874,901,903
854,838,839,853
855,834,851,852,856,860,862,864,865,892
856,832,850,855,857,861
857,856,4459
858,883,894,903
859,828,886
860,855,861,865,882,884
861,847,856,860
862,844,855
863,834,844
864,844,855
865,855,860,884,922
866,845,853
867,834
868,832
869,832
870,832,896,900
871,847
872,838,886,929
873,838,930
874,853,931
875,834,886,898,902
876,877,879,882,894
877,876,895,896
878,828,846
879,876,893,929,930,931
880,849
881,847,901
882,860,876,892
883,858,884,932
884,860,865,883,885
885,847,884
886,859,872,875,929
887,849
888,849
889,849
890,849
891,903,930
892,834,855,882
893,836,879,897
894,858,876,895
895,847,877,894
896,832,870,877,897,898
897,836,893,896
898,875,896
899,851
900,870,931
901,847,853,881
902,875,929
903,853,858,891,929,930,932
904,832,846
905,832
906,832
907,832
908,850
909,850
910,850
911,832
912,848
913,847,918,919
914,918
915,918
916,919
917,919
918,913,914,915
919,913,916,917
920,832
921,832
922,865,927,928
923,927
924,927
925,928
926,928
927,922,923,924
928,922,925,926
929,872,879,886,902,903,930
930,873,879,891,903,929
931,874,879,900
932,883,903
933,832
934,1015,1054
935,936,937,970
936,935,970
937,935,942
938,939,955,1011,1051
939,938
940,941,957,962,985
941,940,1017,1037,1052
942,937,943,995,1015
943,942,947,960
944,945,1004,1006,1029
945,944,946,996,1029
946,945,1007,1059
947,943,948
948,947
949,950,951,965,1048,1049
950,949,952,963,1044
951,949,952,971,1035
952,950,951,972,979,1001
953,954,976,1024,1025,1057
954,953,984,1012,1031,1053
955,938,974,1051
956,984
957,940,958,1016,1051
958,957
959,960,994,1050
960,943,959,1007
961,966,988
962,940,1056
963,950,994
964,992,1014,1031
965,949,1026
966,961,967,974,1022
967,966,998
968,969,1027
969,968,1007,1058
970,935,936,996,1022
971,951,972,997
972,952,971,1027,1038
973,974
974,955,966,973,1022
975,1024,1025,1032
976,953,1011,1055
977,1035,1049
978,993,1048
979,952,1006
980,69,981,1037
981,980,4856
982,983,1016,1056
983,982
984,954,956
985,940,986,1051
986,985
987,1011,1013,1045
988,961,989,990
989,988
990,81,988,998
991,995
992,964,1012,1055
993,978,994,999,1048
994,959,963,993,1050
995,942,991,1000
996,945,970,1029
997,971,1002
998,185,967,990,1007,1058
999,993,1035
1000,995
1001,952,1027
1002,997,1003
1003,1002,1006
1004,944,1046
1005,1022,1029
1006,944,979,1003,1007,1008,1009,1010,1015,1027,1038,1050
1007,946,960,969,998,1006,1058
1008,1006
1009,1006
1010,1006
1011,938,976,987,1012,1057
1012,954,992,1011
1013,987,1014,1045
1014,964,1013
1015,934,942,1006
1016,957,982,1017
1017,941,1016,1018
1018,1017
1019,1020,1023
1020,1019,1032,1047,1051
1021,1022
1022,966,970,974,1005,1021
1023,1019,1047,1051,1060
1024,953,975,1051,1060
1025,953,975,1051,1060
1026,965,1027
1027,968,972,1001,1006,1026,1028,1044,1046
1028,1027
1029,944,945,996,1005
1030,1031
1031,70,106,954,964,1030,1034,1039,1040,1041,4895
1032,975,1020,1033,1047
1033,1032,1053
1034,1031,4903
1035,951,977,999,1036
1036,1035,1050
1037,941,980
1038,972,1006
1039,1031
1040,1031
1041,1031
1042,1043,1045,1057
1043,1042
1044,950,1027
1045,987,1013,1042
1046,1004,1027
1047,1020,1023,1032,1060
1048,949,978,993
1049,949,977
1050,959,994,1006,1036
1051,938,955,957,985,1020,1023,1024,1025,1052,1053
1052,941,1051
1053,70,954,1033,1051,1059
1054,934
1055,976,992
1056,106,962,982
1057,953,1011,1042
1058,969,998,1007
1059,946,1053
1060,1023,1024,1025,1047
1061,1062,1063,1543,2003,2036
1062,1061,1445
1063,1061,1445
1064,1066,1161,1332,1626,1810
1065,1177
1066,1064,1092,1120
1067,1853,1902,2070
1068,1069,1419,1970
1069,1068,1420
1070,1071,1197,1198,1301,1498,1499,1567
1071,1070,1270,1372
1072,1554,1616,2029
1073,1074,1192,1209,1281,1315,1470,1555
1074,1073,1193,1314
1075,1077,1160,1507
1076,1077,1218,1906
1077,1075,1076
1078,1225
1079,1080,1245,1307,1314,1460
1080,1079
1081,1335,1560
1082,1155,1561,1943
1083,1225,1511,1729,1751
1084,1296,1447,1504
1085,1099,1225
1086,1087,1088,1352,1368,1421,1479
1087,1086,1089,1092,1098
1088,1086,1089,1091,1221,1224,1625
1089,1087,1088,1092,1402
1090,1312,1447,1557
1091,1088,1092,1109,1166,1497,1631,1960,2018
1092,1066,1087,1089,1091,1093,1167,1354,1430,1505,1526
1093,1092,1489
1094,1095,1096,2097,2136
1095,1094,1178,1448
1096,1094,1387,1447,2072,2092,2160
1097,1098,1286,2110
1098,1087,1097,1344,1380
1099,1085,1100,1194,1491,1678,1714,1732,1915
1100,1099,1335
1101,1102,1277,1531,2063,2177,2180
1102,1101,1278,2140
1103,1104,1227,1339,1423,1574
1104,1103,1144,1443
1105,1461,1557,1718,1754,2062,2122
1106,1107,1146,1180,1667,1949
1107,1106,1108,1137,1144,1181,1250,1318,1324,1811,1878
1108,1107,1138,1268,1366
1109,1091,1241,1497
1110,1211,1472,1496
1111,1112
1112,1111,1460
1113,1580,1582
1114,1117
1115,1838,1933
1116,1544,1604,1970
1117,1114,1454,1455,1500,1553
1118,1190,1437,1462,1464,1585,2196
1119,1120,1826
1120,318,1066,1119,1177,1430,4438
1121,1826,1957
1122,1123
1123,1122,1164,1276
1124,1244,1314,1460
1125,812,823,1577,2022
1126,428,1477
1127,1128,1129
1128,1127,1864
1129,1127,1354,1402
1130,1188,1227
1131,1831,1943
1132,1244,1309,1331,2558
1133,1136,1494,1606
1134,1243,1324,1610
1135,1417,1532,1611
1136,1133,1452,1535
1137,1107,1138,1139,1140
1138,1108,1137
1139,1137
1140,1137
1141,1302,1333,1346,1362,1459,1487,1620,1621
1142,1143
1143,1142,1475,1875
1144,1104,1107,1435,1623
1145,1223
1146,1106,1492,1956
1147,1149
1148,1149,1167,1208,2064,2065
1149,1147,1148,1168,1341,1453
1150,1151,1697
1151,1150,1276,1284
1152,1336,1357,1474,1490,1531
1153,1171,1358,1485
1154,1406,1731
1155,1082,1198
1156,1157,1775,1972
1157,1156,1162,1222,1261
1158,1327,1737,1750
1159,1160,1506,1685,1771,1906
1160,1075,1159,1167,1171,1323,1417,1507
1161,1064,1957,2093
1162,1157,1261,1502
1163,1164,1242,1518,1642
1164,1123,1163,1300
1165,1436,1866,2185,2190
1166,1091,1167,1778,1854,2016
1167,1092,1148,1160,1166,1168,1169,1414,1439,1526,1647
1168,1149,1167,1245,1542
1169,1167
1170,1171,1404
1171,1153,1160,1170,1172,1176,1202,1310,1485,1487,1532
1172,1171,1404
1173,2181
1174,1469,1485,1487,1488,1532,1650
1175,1185,1519
1176,1171,1202,1468
1177,1065,1120,1505
1178,1095,1179,1266,1388
1179,286,1178,1341
1180,1106
1181,1107
1182,1736,2165
1183,1191,1399
1184,489,1468
1185,1175,2448
1186,1443
1187,1950,2051,2076
1188,1130,1470
1189,1190
1190,1118,1189,1235
1191,1183,1192,1846
1192,1073,1191,1193,1247,1408
1193,1074,1192,1331
1194,1099,1529
1195,1196,1679
1196,1195,1417,1453,1522
1197,1070,1198
1198,1070,1155,1197
1199,1350,1513
1200,1201,1349,1892
1201,1200,1893
1202,489,1171,1176,1310
1203,1204,1205
1204,1203,1365
1205,1203,1254,1489
1206,1291,1450,2087
1207,1208,1360,1706,1867,1990,2038
1208,1148,1207
1209,1073,1442,1795
1210,1310,1468,1680
1211,1110,1212,1537,2077
1212,1211
1213,1214,1771
1214,1213,1347
1215,794,1775
1216,1217
1217,412,1216,1513
1218,1076,1426
1219,1248,1386,1451,1688
1220,1408,1418,1690,1768,1913
1221,1088,1252
1222,1157,1293
1223,1145,1255
1224,1088,1525
1225,1078,1083,1085,1226,1263,1433,1595,1648,1728,1747,1800,2195
1226,1225,1327
1227,1103,1130,1710
1228,813,1232
1229,814,1232
1230,1255,1479,1525
1231,745,801,1232,1403
1232,1228,1229,1231,1489
1233,1240,1247
1234,1235
1235,1190,1234,1462
1236,1237,1578,1724,1903
1237,1236,1238
1238,1237,1335,1811
1239,1240,1533
1240,1233,1239,1330,1484
1241,1109
1242,1163,1356
1243,1134,1292,1726,1727,1996
1244,1124,1132,1268,1309,1384,1424
1245,1079,1168,1268,1307,1366,1508
1246,1506,1679
1247,1192,1233
1248,1219,1385
1249,413,1914
1250,1107,1257
1251,1290,1502
1252,1221,1390,1421
1253,1254,1298,1344,1350
1254,1205,1253,1305
1255,1223,1230
1256,1571,1763,1799
1257,1250,1327,1764
1258,801,1259,1293,1354,1403,1993
1259,1258,1489
1260,1261
1261,1157,1162,1260
1262,1264
1263,1225
1264,1262,1433
1265,1800
1266,1178
1267,1268
1268,1108,1244,1245,1267,1314,1460
1269,1270,1411,1473,1777,2183
1270,1071,1269,1374
1271,1272
1272,1271,1635
1273,1274,1275,1570,1587,1627,1929
1274,1273,1362
1275,1273,1451
1276,1123,1151,1308
1277,1101,1278,1279,1353,1467,1490
1278,1102,1277,2204
1279,1277,1280,1436,1490,2121
1280,1279,1310,1464
1281,1073,1282,1524,1787
1282,1281,1314
1283,1284,1702
1284,1151,1283,1378
1285,1475,1527,1685,1836
1286,1097,2142
1287,1301,1536,1801
1288,1290
1289,1290,1802
1290,1251,1288,1289,1354,1935
1291,1206,1410
1292,1243,1804,1995
1293,1222,1258
1294,1295
1295,1294,1305,1307
1296,1084
1297,1298,1351,1427,1630
1298,436,1253,1297
1299,1300,1303,1533,1563,1806,2159
1300,1164,1299,1330,1806
1301,1070,1287,1302,1808
1302,1141,1301
1303,1299,1399
1304,1305
1305,1254,1295,1304
1306,1307
1307,1079,1245,1295,1306,1434
1308,1276,1309,1813,2061
1309,1132,1244,1308,1477,2595
1310,1171,1202,1210,1280,1311,1317,1437,1815,2139,2140,2186
1311,1310,1541
1312,1090,1313,1447,2037,2192,2193
1313,1312,1448
1314,1074,1079,1124,1268,1282,1374,1444
1315,1073,1316,1913
1316,1315,1817
1317,1310,1468,1818
1318,1107,1407,1820
1319,1320
1320,1319,1333,1459
1321,1441,1528
1322,1413,1506,1523,2157
1323,1160,1417
1324,1107,1134,1325,1339,1375,2098,2099
1325,1324,1366
1326,1327,1823,1882
1327,1158,1226,1257,1326,1328,1329,1425,1580,1581,1822
1328,1327,1434,1460
1329,1327
1330,1240,1300,1331,1484
1331,1132,1193,1330
1332,1064,1635
1333,1141,1320,1346
1334,1335,1347,1632,1678,2017
1335,1081,1100,1238,1334,1370,1392,1397,1439,1503,1507,1516
1336,1152,1357,1559
1337,1338
1338,1337,1664,1998
1339,1103,1324,1832
1340,1341,1342,1463
1341,1149,1179,1340,1541
1342,1340,1449
1343,1344,1365,1428,1509,1861
1344,1098,1253,1343
1345,1346
1346,1141,1333,1345,2181
1347,1214,1334,1762
1348,1448,1462,1843
1349,1200,1350,1427,1450,1630
1350,1199,1253,1349
1351,1297,1365
1352,1086,2018
1353,1277,1436,1467,2190
1354,1092,1129,1258,1290,1355,1380,1860
1355,1354
1356,1242,1563
1357,1152,1336,1358,1490,1531,1559,2008,2121
1358,1153,1357,2140
1359,1736,1766
1360,1207,1720,1868,2045
1361,1362,1364,1776,1930,1951
1362,1141,1274,1361,1363,1445,1451,1488,1865
1363,1362,1372
1364,1361,1472,1920
1365,1204,1343,1351
1366,1108,1245,1325,1374,1501
1367,1491,1517
1368,1086,1389,1401,1625
1369,1370,1904,1976
1370,1335,1369,1553
1371,1372,1496
1372,1071,1363,1371,1404,1446,1539,1540
1373,1374,1375,1452
1374,1270,1314,1366,1373
1375,1324,1373,1452
1376,1377
1377,1376,1423
1378,1284,1383,1407
1379,1380,1401,1594,2022,2105
1380,1098,1354,1379
1381,1503,1507,1894
1382,1383,1398
1383,1378,1382,1384
1384,1244,1383,1477
1385,1248,1896
1386,1219,1896
1387,1096,1388,2097,2160
1388,1178,1387
1389,1368,1400
1390,1252,1479,1633
1391,1392,1426,1440
1392,1335,1391,1414
1393,1427
1394,1398,1405
1395,1516
1396,1397
1397,1335,1396
1398,1382,1394
1399,1183,1303
1400,1389,1401
1401,1368,1379,1400,1402,1853
1402,1089,1129,1401
1403,805,1231,1258
1404,1170,1172,1372,1486,1541,1542
1405,1394
1406,1154,1407
1407,1318,1378,1406,1423
1408,1192,1220
1409,1799,1981,1984
1410,1291,1471
1411,1269,1420,1499,2114
1412,1413
1413,1322,1412,1506
1414,1167,1392,2194
1415,1417
1416,1417,1523,1845,1875
1417,1135,1160,1196,1323,1415,1416,1921
1418,1220,1922
1419,1068,1420,1456,1829
1420,1069,1411,1419,1454,1455,1536,1924,1964
1421,1086,1252
1422,1423
1423,1103,1377,1407,1422,1424
1424,1244,1423
1425,423,1327,1925
1426,1218,1391,2017
1427,1297,1349,1393
1428,1343,1450
1429,1430,2070
1430,1092,1120,1429
1431,1432,1433,1975
1432,1431,1434
1433,1225,1264,1431
1434,1307,1328,1432
1435,1144,1931
1436,1165,1279,1353,1437,2185
1437,1118,1310,1436,1463
1438,1784,1936
1439,1167,1335,1812
1440,1391,1441,1517,1527,1885
1441,1321,1440,1812
1442,1209,1443,1795
1443,1104,1186,1442,1444,1538,1549,1988
1444,1314,1443
1445,1062,1063,1362,1446
1446,1372,1445
1447,1084,1090,1096,1312,1448,2078
1448,1095,1313,1348,1447,2196
1449,1342,1462
1450,1206,1349,1428
1451,1219,1275,1362
1452,1136,1373,1375,1473,2119,2120
1453,1149,1196,1542
1454,1117,1420,1457
1455,1117,1420,1458
1456,1419,1457,1458,1599
1457,1454,1456
1458,1455,1456
1459,1141,1320,1953
1460,1079,1112,1124,1268,1328
1461,1105,1462,2073,2075,2082,2096,2106,2109,2124,2145
1462,1118,1235,1348,1449,1461,2125,2126
1463,1340,1437,1464
1464,1118,1280,1463,1954
1465,1467
1466,1467
1467,1277,1353,1465,1466,1909
1468,1176,1184,1210,1317,2139
1469,1174,1485,1749,1955,2189
1470,1073,1188
1471,1410,2113
1472,1110,1364,2174,2189
1473,1269,1452,1498,2129,2130
1474,1152,1531,2132
1475,1143,1285,1476,2043
1476,1475
1477,1126,1309,1384
1478,1479
1479,1086,1230,1390,1478,2051,2087
1480,1481
1481,1480,1536
1482,565
1483,565
1484,1240,1330
1485,1153,1171,1174,1469,1486,2158
1486,1404,1485
1487,1141,1171,1174
1488,1174,1362,1532
1489,1093,1205,1232,1259
1490,1152,1277,1279,1357,2121,2139,2140,2180
1491,1099,1367
1492,1146,1622,1761,1985
1493,1494,1566,1711,1987
1494,1133,1493
1495,1524,1538,1989
1496,1110,1371,1920
1497,1091,1109,2011
1498,1070,1473
1499,1070,1411
1500,1117,1501,1878,1995,1996
1501,1366,1500
1502,1162,1251
1503,1335,1381,2000
1504,1084
1505,1092,1177
1506,1159,1246,1322,1413
1507,1075,1160,1335,1381,1508,1513,1515,1819,2203
1508,1245,1507,1542
1509,1343,1877
1510,1511
1511,1083,1510,1981
1512,1595,1892,2020
1513,1199,1217,1507,1514,2021
1514,1513,1737,2023
1515,1507
1516,1335,1395,1819
1517,1367,1440,1926,2028
1518,1163,1519
1519,1175,1518
1520,1522
1521,1522,1589
1522,1196,1520,1521
1523,1322,1416,1845
1524,1281,1495,1980,2032
1525,1224,1230,1526,1633,1950
1526,1092,1167,1525
1527,1285,1440,1927
1528,1321,2194
1529,1194,1530,1695,1696,1763,2127
1530,1529,1560
1531,1101,1152,1357,1474,1532,1534,1537,2077,2174
1532,1135,1171,1174,1488,1531
1533,1239,1299,2159
1534,1531
1535,1136
1536,1287,1420,1481
1537,1211,1531,2177
1538,1443,1495
1539,1372
1540,1372
1541,1311,1341,1404
1542,1168,1404,1453,1508
1543,1061,1645,1939
1544,1116,1612
1545,1548,1833
1546,1576,2041
1547,1554,1889
1548,1545,1549,1596,1639,1709,1734,1745
1549,1443,1548
1550,1783,2111
1551,1623,1932
1552,1780,1994
1553,1117,1370
1554,1072,1547
1555,1073,1654,1671,1721,1741,1840,1891,1958,2143
1556,1562,1842
1557,1090,1105
1558,1713,1847
1559,1336,1357
1560,1081,1530
1561,1082,1782
1562,1556,1820
1563,1299,1356,2159
1564,1690,1788,1858
1565,1570,1951
1566,1493,1746
1567,1070,1568,1569
1568,1567
1569,1567
1570,1273,1565
1571,1256,1619
1572,1729,1882
1573,1686,1741
1574,1103,1575,2054
1575,1574,2100,2116
1576,1546,1686,1947
1577,1125,1594
1578,1236,1632
1579,1646,1986
1580,1113,1327,1658
1581,1327,1988
1582,1113,1583
1583,1582,1765
1584,1692,1919,2088
1585,1118,1600,1856,1857,1952,2001,2013
1586,1722,1746
1587,1273,1703,1929
1588,1589,1868
1589,1521,1588
1590,1600,1680,2001,2151
1591,1717,1855
1592,1623,1931
1593,1702,2049
1594,1379,1577
1595,1225,1512
1596,1548
1597,1961,2039
1598,1599
1599,1456,1598,1687
1600,1585,1590,2013
1601,1602,1923,2098,2099
1602,1601,1839,1973
1603,2002,2131,2152
1604,1116,1687
1605,1649,1774,1824
1606,1133,1700,1821,2044
1607,1646
1608,1675,1774
1609,1971,1999
1610,1134,1726,2066,2149
1611,1135
1612,1544,1761
1613,1614,1628,1782
1614,1613,1848
1615,1655,1955,2158
1616,1072,1660
1617,1835,2003
1618,1621,1701
1619,1571,1903
1620,1141,1883
1621,1141,1618,1701
1622,1492,1949
1623,1144,1551,1592,1624,1693
1624,1623,1663,2015,2100,2116
1625,1088,1368
1626,1064,2005
1627,1273,2004
1628,1613,1665
1629,1664,1810
1630,1297,1349
1631,1091,1730
1632,1334,1578
1633,1390,1525
1634,1814,1849,1965
1635,1272,1332
1636,1668,1704
1637,1739,1825
1638,1739
1639,1548,1931
1640,1912,2093
1641,1767,1805
1642,1163
1643,1690,1805
1644,1700,2068
1645,1543,1752,1910,2036
1646,1579,1607
1647,1167,1865
1648,1225,1917
1649,1605,1808
1650,1174,1753,1955,2069
1651,1789,2016
1652,1796,1798
1653,1760,1880
1654,1555,1743,1791,2039,2040
1655,1615,1753,1884
1656,1898
1657,1898
1658,1580
1659,1772,1787
1660,1616,1827
1661,1828,1893
1662,1663,1821,1851
1663,1624,1662,1723,2068
1664,1338,1629
1665,1628,2164
1666,1863,1916
1667,1106,1668
1668,1636,1667
1669,1809,1891
1670,1671,1755
1671,1555,1670,1686
1672,1790,2014
1673,1817
1674,1688,1898
1675,1608,1801
1676,1707
1677,1678,1907
1678,1099,1334,1677
1679,1195,1246
1680,1210,1590
1681,1735,1804
1682,1876,2038
1683,1835,1930
1684,1779
1685,1159,1285
1686,1573,1576,1671,1787,1879,1916
1687,1599,1604
1688,1219,1674,1689,1898,2168
1689,1688
1690,1220,1564,1643,1715,1858
1691,1692,1862,2098
1692,1584,1691,1919
1693,1623,1870
1694,1859,1908
1695,1529,1732
1696,1529,1968
1697,1150,1827
1698,2032
1699,1777,1983
1700,1606,1644,1777
1701,1618,1621
1702,1283,1593
1703,1587,2004,2168
1704,1636,1781,1842
1705,1725,1977
1706,1207,1854
1707,1676,2008
1708,1830,2020
1709,1548,1796
1710,1227,1798,1871,2101
1711,1493,1831
1712,1897,1922
1713,1558,1905
1714,1099,1844,2195
1715,1690,1740
1716,1962,2112
1717,1591,1890,1922
1718,1105,2137
1719,1956
1720,1360,1850
1721,1555
1722,1586,1723,1931
1723,1663,1722
1724,1236,1976
1725,1705,1796
1726,1243,1610,1946,2081
1727,1243,1756,1978
1728,1225,1779
1729,1083,1572
1730,1631,1998
1731,1154,1914
1732,1099,1695
1733,2114,2118,2131
1734,1548,2053
1735,1681,1759,1803,2052
1736,1182,1359
1737,1158,1514
1738,1739
1739,1637,1638,1738
1740,1715,1786
1741,1555,1573
1742,1744,1794,2026
1743,1654,1744,2163
1744,1742,1743
1745,1548,1871
1746,1566,1586
1747,1225
1748,1749,1905,2009,2184
1749,1469,1748
1750,1158,1823,1886
1751,1083
1752,1645
1753,1650,1655,2158
1754,1105,1866
1755,1670,1791,1834
1756,1727,1757,2081
1757,1756,2088
1758,1848,1883,1910
1759,1735,1783
1760,1653,1783
1761,1492,1612,1899,2089
1762,1347,2000
1763,1256,1529
1764,1257,1881
1765,1583
1766,1359,2043
1767,1641,1768
1768,1220,1767
1769,1841
1770,1834,2033
1771,1159,1213
1772,1659,1900
1773,1879,2053
1774,1605,1608
1775,1156,1215
1776,1361,1951
1777,1269,1699,1700,1870,1887,1963
1778,1166,1850
1779,1684,1728
1780,1552,1849
1781,1704,1948
1782,1561,1613
1783,1550,1759,1760,2012
1784,1438,1901
1785,423
1786,1740,1911
1787,1281,1659,1686,1908,2042
1788,1564,1897
1789,1651,1960
1790,1672,1817
1791,1654,1755
1792,1794
1793,1794
1794,1742,1792,1793,2026
1795,1209,1442,1797
1796,1652,1709,1725,1797,1977
1797,1795,1796
1798,1652,1710
1799,1256,1409
1800,1225,1265
1801,1287,1675,1808
1802,1289,1997
1803,1735,2002
1804,1292,1681
1805,1641,1643
1806,1299,1300
1807,1848
1808,1301,1649,1801,2164
1809,1669,1840
1810,1064,1629
1811,1107,1238
1812,1439,1441
1813,1308,1852
1814,1634,2012
1815,1310,1921
1816,2024,2032
1817,1316,1673,1790
1818,1317,2150,2151
1819,1507,1516
1820,1318,1562
1821,1606,1662,2044
1822,1327,1924
1823,1326,1750
1824,1605,1965
1825,1637,1915
1826,1119,1121
1827,1660,1697
1828,1661,2021,2047
1829,1419,2007
1830,1708,2035
1831,1131,1711
1832,1339,1839,2156
1833,1545,1931
1834,1755,1770
1835,1617,1683
1836,1285
1837,1953
1838,1115,2050
1839,1602,1832,2100
1840,1555,1809,1841
1841,1769,1840
1842,1556,1704
1843,1348,2071,2080,2123
1844,1714,1982
1845,1416,1523,2157
1846,1191
1847,1558,1884
1848,1614,1758,1807
1849,1634,1780
1850,1720,1778
1851,1662,2119,2120
1852,1813
1853,1067,1401
1854,1166,1706
1855,1591,1890
1856,1585,1952,2001
1857,1585,1952
1858,1564,1690
1859,1694,2024
1860,1354,1993
1861,1343
1862,1691,2099
1863,1666,2040
1864,1128,1934
1865,1362,1647
1866,1165,1754
1867,1207
1868,1360,1588
1869,1918,2000
1870,1693,1777,2107
1871,1710,1745
1872,1873,1874,2068
1873,1872,2130
1874,1872,2129
1875,1143,1416
1876,1682
1877,1509,2142
1878,1107,1500
1879,1686,1773
1880,1653,1994
1881,1764
1882,1326,1572
1883,1620,1758
1884,1655,1847,1955
1885,1440
1886,1750,1925,2048
1887,1777
1888,2146,2158
1889,1547
1890,1717,1855
1891,1555,1669
1892,1200,1512
1893,1201,1661
1894,1381,1918,2031
1895,1896,1937
1896,1385,1386,1895
1897,1712,1788
1898,1656,1657,1674,1688,1951
1899,1761,2089
1900,1772,1959,1961
1901,1784,1902
1902,1067,1901
1903,1236,1619
1904,1369,1991
1905,1713,1748
1906,1076,1159
1907,1677,1942
1908,1694,1787
1909,1467,2063
1910,1645,1758
1911,1786,1979
1912,1640
1913,1220,1315
1914,1249,1731
1915,1099,1825
1916,1666,1686
1917,1648
1918,1869,1894,2000
1919,1584,1692
1920,1364,1496
1921,1417,1815
1922,1418,1712,1717
1923,1601,2120,2152
1924,1420,1822
1925,1425,1886
1926,1517
1927,1527,1941
1928,1978,2081
1929,1273,1587,2004,2178
1930,1361,1683,1939
1931,1435,1592,1639,1722,1833,2197
1932,1551
1933,1115,1945
1934,1864,1935,1936,1945,2117
1935,1290,1934
1936,1438,1934
1937,1895,1938
1938,1937
1939,1543,1930
1940,1941
1941,1927,1940,2028
1942,1907
1943,1082,1131
1944,2000,2031
1945,1933,1934
1946,1726,2090,2099,2115,2149
1947,1576,2034
1948,1781
1949,1106,1622
1950,1187,1525
1951,1361,1565,1776,1898
1952,1585,1856,1857,2013
1953,1459,1837
1954,1464,2057,2138,2141,2144,2187,2188
1955,1469,1615,1650,1884
1956,1146,1719
1957,1121,1161
1958,1555
1959,1900,2039
1960,1091,1789
1961,1597,1900
1962,1716,2030,2118
1963,1777,1964,1965,2030
1964,1420,1963
1965,1634,1824,1963
1966,1967,2020,2035
1967,1966
1968,1696
1969,1984,2127
1970,1068,1116,1971
1971,1609,1970
1972,1156,1992
1973,1602,2134
1974,2010,2011
1975,1431
1976,1369,1724
1977,1705,1796
1978,1727,1928,2052
1979,1911,1980,2176
1980,1524,1979
1981,1409,1511
1982,1844
1983,1699,1987
1984,1409,1969
1985,1492
1986,1579,2079,2162
1987,1493,1983
1988,1443,1581
1989,1495
1990,1207
1991,1904,2027
1992,1972
1993,1258,1860
1994,1552,1880,1995,1996
1995,1292,1500,1994
1996,1243,1500,1994
1997,1802,2050
1998,1338,1730
1999,1609
2000,1503,1762,1869,1918,1944,2027
2001,1585,1590,1856
2002,1603,1803,2115
2003,1061,1617
2004,1627,1703,1929
2005,1626,2076
2006,2011
2007,1829
2008,1357,1707
2009,1748
2010,1974
2011,1497,1974,2006
2012,1783,1814
2013,1585,1600,1952
2014,1672
2015,1624,2128
2016,1166,1651
2017,1334,1426
2018,1091,1352,2019
2019,2018
2020,1512,1708,1966,2021
2021,1513,1828,2020,2047,2048
2022,1125,1379
2023,1514
2024,1816,1859
2025,2026
2026,1742,1794,2025
2027,1991,2000
2028,1517,1941
2029,1072,2061
2030,1962,1963
2031,1894,1944
2032,1524,1698,1816,2176
2033,1770,2034,2042
2034,1947,2033
2035,1830,1966
2036,1061,1645
2037,1312
2038,1207,1682
2039,1597,1654,1959,2079
2040,1654,1863,2041
2041,1546,2040
2042,1787,2033
2043,1475,1766
2044,1606,1821
2045,1360,2046
2046,2045
2047,1828,2021,2048
2048,1886,2021,2047
2049,1593
2050,1838,1997
2051,1187,1479
2052,1735,1978
2053,1734,1773
2054,1574,2197
2055,2090,2120,2152
2056,2082,2108
2057,1954,2085
2058,2060,2061
2059,2107
2060,2058
2061,1308,2029,2058
2062,1105,2108
2063,1101,1909
2064,1148,2125
2065,1148,2126
2066,1610,2098
2067,2141,2187,2188
2068,1644,1663,1872
2069,1650
2070,1067,1429
2071,1843,2102
2072,1096,2166,2167
2073,1461,2074
2074,2073,2102,2109
2075,1461,2102
2076,1187,2005
2077,1211,1531
2078,1447,2192
2079,1986,2039
2080,1843,2096
2081,1726,1756,1928
2082,1461,2056
2083,2084,2086,2138
2084,2083,2085,2095
2085,2057,2084,2086
2086,2083,2085,2144
2087,1206,1479
2088,1584,1757
2089,1761,1899
2090,1946,2055,2130
2091,2135,2145
2092,1096,2191
2093,1161,1640
2094,2143
2095,2084,2108
2096,1461,2080
2097,1094,1387,2136,2191
2098,1324,1601,1691,2066
2099,1324,1601,1862,1946
2100,1575,1624,1839
2101,1710
2102,2071,2074,2075,2123
2103,2128,2147,2156
2104,2146,2158
2105,1379,2110
2106,1461,2108
2107,1870,2059,2155
2108,2056,2062,2095,2106
2109,1461,2074
2110,1097,2105
2111,1550,2114
2112,1716,2164
2113,1471,2165
2114,1411,1733,2111
2115,1946,2002,2152
2116,1575,1624
2117,1934
2118,1733,1962
2119,1452,1851,2152
2120,1452,1851,1923,2055
2121,1279,1357,1490
2122,1105,2138
2123,1843,2102
2124,1461,2135
2125,1462,2064
2126,1462,2065
2127,1529,1969
2128,2015,2103
2129,1473,1874,2154
2130,1473,1873,2090
2131,1603,1733,2154
2132,1474,2146
2133,2146
2134,1973,2147,2155
2135,2091,2124
2136,1094,2097
2137,1718,2157
2138,1954,2083,2122,2141
2139,1310,1468,1490
2140,1102,1310,1358,1490
2141,1954,2067,2138
2142,1286,1877
2143,1555,2094
2144,1954,2086
2145,1461,2091
2146,1888,2104,2132,2133
2147,2103,2134,2148
2148,2147
2149,1610,1946
2150,1818,2151
2151,1590,1818,2150
2152,1603,1923,2055,2115,2119
2153,2163
2154,2129,2131
2155,2107,2134
2156,1832,2103
2157,1322,1845,2137
2158,1485,1615,1753,1888,2104
2159,1299,1533,1563
2160,1096,1387,2170,2171
2161,2162,2163
2162,1986,2161
2163,1743,2153,2161
2164,1665,1808,2112
2165,1182,2113
2166,2072
2167,2072
2168,1688,1703
2169,2191
2170,2160
2171,2160
2172,2193
2173,2193
2174,1472,1531
2175,2176
2176,1979,2032,2175
2177,1101,1537
2178,1929,2179
2179,2178,2184
2180,1101,1490
2181,1173,1346,2182
2182,2181
2183,1269,2198
2184,1748,2179
2185,1165,1436
2186,1310,2199
2187,1954,2067
2188,1954,2067
2189,1469,1472
2190,1165,1353
2191,2092,2097,2169
2192,1312,2078,2193
2193,1312,2172,2173,2192
2194,1414,1528
2195,1225,1714
2196,1118,1448
2197,1931,2054
2198,2183
2199,2186
2200,2201,2205
2201,2200,2202
2202,2201,2204
2203,1507,2205
2204,1278,2202
2205,2200,2203
2206,2211,2212
2207,2383
2208,803,2214
2209,2245,2391
2210,2413,4744
2211,2206,2213
2212,2206,2213
2213,2211,2212,2214,2283
2214,396,2208,2213
2215,2397,4898
2216,2358,2412
2217,2371,2388
2218,2289,2346
2219,2347,2348
2220,2245,2333,2374,2398
2221,2230
2222,2223,2224,2233,2262,2296,2377,2403,2404,2406
2223,2222,2224,2225,2230,2322,2419
2224,394,2222,2223,2230,2236,2384
2225,2223,2322,2351
2226,2315,2405
2227,2229
2228,2231,2360
2229,2227,2235
2230,2221,2223,2224
2231,2228,2264
2232,397,2318,2348,2358
2233,2222,2406
2234,2306,2362,2410
2235,2229,2361
2236,2224,2263,2299,2310,2313,2329,2370,2384
2237,2239
2238,2239
2239,2237,2238,2292,2369,2397
2240,2286,2314
2241,2326,2367
2242,2243,4508,4632
2243,2242,2250,2311,2356
2244,2326,2336
2245,2209,2220,2333
2246,2316,2422
2247,2309,2389,2421
2248,2257,2387
2249,2250,2251,4536,4537
2250,2243,2249,2252,2253,2254,2371,2413,4574,4653
2251,2249
2252,2250
2253,2250
2254,2250,2312
2255,2282,2380
2256,2293,2328
2257,2248,2304
2258,2283,2408
2259,2263
2260,2263
2261,2263
2262,2222
2263,2236,2259,2260,2261,2299,2365
2264,2231,2307,2358
2265,2283,2287
2266,2307,4855
2267,2273,2415
2268,2269,2270,2271,2334,2382
2269,2268,2272,2383,2417
2270,2268
2271,2268
2272,2269
2273,2267,2335
2274,2276
2275,2276,2373,2408
2276,2274,2275
2277,2278,2291,2390
2278,2277
2279,2321,2372
2280,2362,2415
2281,2285
2282,2255,2283,2337
2283,390,2213,2258,2265,2282,2284,2285,2303,2305,2373,2376
2284,397,421,2283,2285
2285,2281,2283,2284
2286,2240,2287,2332,2393
2287,2265,2286
2288,2335,2388
2289,2218,2317
2290,2342,2383
2291,2277,2293,2369,2378
2292,2239,2316
2293,2256,2291
2294,2349,2368
2295,2333,2383
2296,2222,2406
2297,2299
2298,2299
2299,2236,2263,2297,2298,2344,2370
2300,2301,2408
2301,2300,2408
2302,2373
2303,2283,2355
2304,2257,2349,2409
2305,791,2283,2355
2306,2234,2311
2307,2264,2266
2308,387,2331
2309,2247,2389,2416
2310,2236,2384,2389
2311,2243,2306
2312,2254,2347
2313,521,2236,2365,4838
2314,2240
2315,2226,2322,2360
2316,2246,2292
2317,2289,2318
2318,2232,2317,2371
2319,2328,2333
2320,2322,2367
2321,2279,2322
2322,2223,2225,2315,2320,2321,2323,2324,2325,2394
2323,2322
2324,2322
2325,2322
2326,2241,2244,2359,2407
2327,2330
2328,2256,2319,2329,2330,2353,2381,2421
2329,2236,2328,2330,2384
2330,2327,2328,2329
2331,2308,2406
2332,2286,2393
2333,2220,2245,2295,2319,2374,2390
2334,2268,2382
2335,2273,2288
2336,2244,2350,2372
2337,2282,2339,2368,2375
2338,2358,2405
2339,2337
2340,2389,2420
2341,2364,2402
2342,2290,2383
2343,2364,4036
2344,2299,2345
2345,70,2344
2346,2218,2347
2347,2219,2312,2346
2348,2219,2232
2349,2294,2304
2350,2336,2351,2407
2351,2225,2350
2352,841,2365
2353,2328,2389
2354,2383,2389
2355,2303,2305,2373
2356,2243,2388,2412,4635
2357,2377,2403
2358,2216,2232,2264,2338
2359,2326,2372
2360,2228,2315
2361,2235,2363
2362,2234,2280
2363,2361,2364
2364,2341,2343,2363,2365,2366
2365,2263,2313,2352,2364
2366,2364,4860
2367,2241,2320
2368,2294,2337
2369,2239,2291,2370,2378,2390
2370,2236,2299,2369
2371,2217,2250,2318
2372,2279,2336,2359
2373,2275,2283,2302,2355
2374,2220,2333,2398
2375,2337,2376,2379
2376,2283,2375
2377,2222,2357,2404
2378,2291,2369
2379,2375,2380,2387
2380,2255,2379
2381,2328,2389
2382,2268,2334,2383
2383,2207,2269,2290,2295,2342,2354,2382,2384,2385,2386,2396,2399,2420
2384,2224,2236,2310,2329,2383
2385,2383,2419
2386,2383,2419
2387,2248,2379,2409
2388,2217,2288,2356,4661
2389,2247,2309,2310,2340,2353,2354,2381
2390,2277,2333,2369
2391,2209,2396
2392,2395
2393,2286,2332,2394,2395,2406
2394,396,2322,2393,2395
2395,2392,2393,2394
2396,2383,2391
2397,2215,2239,4850
2398,2220,2374,2399,2400,2401
2399,2383,2398
2400,2398
2401,2398
2402,2341
2403,2222,2357
2404,2222,2377
2405,2226,2338
2406,2222,2233,2296,2331,2393
2407,2326,2350
2408,2258,2275,2300,2301
2409,2304,2387
2410,2234,2411,4553,4633,4650,4750,4754
2411,2410
2412,2216,2356
2413,2210,2250
2414,753,2415
2415,754,2267,2280,2414,4696
2416,2309,2417
2417,2269,2416
2418,778,791
2419,2223,2385,2386
2420,2340,2383
2421,2247,2328
2422,2246,2423
2423,2422
2424,4492,4564
2425,2426
2426,2425,2460,2520
2427,491,2486,2656
2428,2730,2731
2429,2490,2587,2657
2430,2546,2618
2431,2596
2432,2433,2817
2433,2432,2591
2434,2579,2662
2435,2437,2472,2525,2589,2620,2624,2625,2663,2669,2699,2702,2703
2436,2491,2639,2671
2437,2435,2587,2673
2438,2440
2439,2440
2440,2438,2439,2450,2530,2597,2632,2634,2640,2683,2684,2886,2992
2441,4130,4149,4459
2442,2444
2443,2444
2444,2442,2443,2522,2617,2628
2445,2682,2686,2708,2957,3095
2446,2605,2686,2709
2447,2503,2560,3207
2448,1185,2458,2794,2815,2968
2449,2546,2598
2450,2440,2688,3190
2451,2452,2577,2718,2720,3044
2452,2451
2453,2552,2562,2695
2454,2455
2455,2454,2561,2587,2698
2456,2710,2839,3106,3229
2457,2459,2618,2710
2458,2448,2459,2794,2931,3005,3012
2459,2457,2458,2460,2488,2526,2594,2618,2678,2704
2460,2426,2459,2559,2592,2594,2600
2461,2462
2462,2461,2587,2591
2463,2464
2464,2463,2655,2992
2465,2487,2544,2713,2714
2466,2717,2718,2940,3245,3280
2467,2718
2468,2718
2469,2528,2562,2719
2470,2597,2640,2724
2471,2472
2472,2435,2471,2967
2473,2494,2589,3217
2474,2477,2478,2646
2475,2476,2477,2478,2484,2553,2560,2643
2476,2475,2504,2520,2559,2592
2477,2474,2475,3218
2478,2474,2475,3219
2479,2811,2865
2480,2481,2482,2556
2481,2480,2483,2592
2482,2480
2483,2481
2484,2475,2560,3220
2485,2506,2737,3091,3092
2486,2427,2497,2549,2562,2742,2744,2765,2959
2487,2465,2529,2544,2744
2488,2459,2618,2633
2489,2490,2577,2990,3215,3253
2490,2429,2489,2522,2584,2587,3061,3116
2491,2436,2496,2499,2731,2949,3018
2492,2760
2493,2494,2644,2647
2494,2473,2493,2589,2628,3015,3017,3225,3226
2495,2562,2761,3018
2496,2491,2762,2763,2764
2497,2486,2767,3018
2498,2596,2768,2770,3173
2499,2491,2514,2730,2770
2500,2539,2545,3079
2501,2531,2580,2776,2777,3114,3272
2502,2503,2644,2646
2503,2447,2502,2504,2553,3017,3227,3228
2504,2476,2503,2612
2505,2605,2610,2783
2506,2485,2523,2784,2786,3050
2507,2623,2778,2803
2508,2509
2509,2508,2520,2614
2510,2511,2512,2617,2628
2511,2510
2512,2510
2513,3230
2514,2499,2796,3018
2515,2516,2596
2516,2515,2596,2811,3037,3232
2517,2518,2519,2520
2518,2517
2519,2517
2520,2426,2476,2509,2517,2559,2600,2603
2521,2534,2596,3006
2522,2444,2490,2560,2642,3234
2523,2506,2602,2615,2618,2807,2808,3046,3048
2524,2612
2525,2435,2587,2814
2526,2459,2618
2527,3235
2528,2469,2562,2601,2790,2805,2816
2529,2487,2544,2550,2607,2613,2805
2530,2440,2555,2875,2918,3187
2531,2501,2532,2580,2793,2917,2919,3114,3182
2532,2531,2637,2726,2727
2533,2558,2613
2534,2521,2535,2543,2596,2766,2822,2824,3006,3113,3180
2535,2534,2565,2660,2822,2824,3018
2536,2537
2537,2536,2630,2702
2538,2549,2842,3056
2539,2500,2540,2545,2551,2552,2555,2921,3124,3125
2540,2539,2550,2607
2541,2829
2542,2584,2829
2543,491,2534,2729,2766,2835,2836,2837,2953,2998,3069,3113,3175,3208
2544,491,2465,2487,2529,2833,4220
2545,2500,2539,2792,2844,2845,2921,2924
2546,2430,2449,2555,2593,2638,2859,2861,2863,3155
2547,2549
2548,2549
2549,491,2486,2538,2547,2548,2848,2849,2959,3056
2550,2529,2540,2552,2856,2857
2551,2539,2552,2562,2850,2851,2854,2855
2552,2453,2539,2550,2551,2853
2553,2475,2503,3293
2554,2722,2802,2810,2844,2846,2871,2872,2873,2875,2909,2923,2972,2996,3000,3097,3129,3142,3150,3285
2555,2530,2539,2546,2576,2597,2609,2871,2872,2873,3188
2556,2480
2557,2622,4100,4318
2558,1132,2533,2559
2559,2460,2476,2520,2558
2560,2447,2475,2484,2522,2628,3243,3244
2561,2455,2605,2883
2562,2453,2469,2486,2495,2528,2551,2827,2884,2901
2563,58,82,134,4130,4446,4449,4462
2564,2621,2791,3147,3148
2565,2535,2659,2893
2566,2678,2818,2895,2942
2567,2568
2568,2567,2594,2942
2569,2896
2570,2594,2667,2896
2571,2897
2572,2899
2573,2594,2899,2900
2574,2900
2575,2576,2693,2813,2907,2937,2973,3098,3282
2576,2555,2575,2582,2593,2598,2602,2734,2795,2905,2906,2908,2965,3155
2577,2451,2489,2990,3044,3206,3278
2578,2589,2642,3015,3248,3249
2579,2434,2587,2903
2580,2501,2531,2581,3114
2581,2580
2582,2576
2583,2584
2584,2490,2542,2583
2585,2597,2609,2909
2586,2587,2675,2711,2718,2721,2723,2881,2890,2912,3096,3159,3200,3216
2587,2429,2437,2455,2462,2490,2525,2579,2586,2605,2912
2588,2589
2589,2435,2473,2494,2578,2588
2590,3252
2591,2433,2462,2913
2592,2460,2476,2481
2593,2546,2576
2594,2459,2460,2568,2570,2573,2705,2910
2595,1309,2606,2910
2596,2431,2498,2515,2516,2521,2534,3006,3158,3180
2597,2440,2470,2555,2585,2919,2928,2929,2935
2598,2449,2576,2918
2599,2600
2600,2460,2520,2599
2601,2528,2934
2602,2523,2576,2937,2965,3050
2603,2520
2604,2609,2944,3116
2605,2446,2505,2561,2587,2610,2954,2956,2957
2606,2595,2607,2619,2954
2607,2529,2540,2606,2608,2613,2619,2961
2608,2607,2609,2612,2655,2734,2795,2960,3189
2609,2555,2585,2604,2608,2624,2625,2652,2791,2961,3061
2610,2505,2605,2964
2611,2641
2612,2504,2524,2608,2613,3289,3290
2613,2529,2533,2607,2612
2614,2509
2615,2523,2618,2971
2616,2617
2617,2444,2510,2616,3267
2618,2430,2457,2459,2488,2523,2526,2615,2638,2886,2887,2974,2975
2619,2606,2607,2975
2620,2435,2967,2977
2621,2564,2790,2979
2622,2557,4173,4266,4318
2623,2507,2639,2703,2994
2624,2435,2609,2980
2625,2435,2609,2981
2626,2628
2627,2628
2628,2444,2494,2510,2560,2626,2627
2629,2983,2991
2630,2537,2949,2987,2988
2631,3273
2632,2440,2635,3284
2633,2488,3205
2634,2440,3188
2635,2632
2636,2639
2637,2532,2935
2638,2546,2618
2639,2436,2623,2636
2640,2440,2470
2641,2611,2966,2967
2642,2522,2578,3209
2643,2475
2644,2493,2502,2645,3213
2645,2644,2649,3237,3238
2646,2474,2502,2648,2649,3240,3241
2647,2493,2649,3255
2648,2646,2650,3256,3257,3258,3259,3260,3261
2649,2645,2646,2647,2650,3262
2650,2648,2649,3274,3275
2651,3289,3290
2652,2609,3115
2653,2761,2796
2654,3041,3189
2655,2464,2608,3020
2656,2427,2741,2767,2826,3177,3179
2657,2429,2670,3156
2658,2694,2909,2917,2919,3078
2659,2565,2668
2660,2535,2760
2661,3025,3202
2662,2434
2663,2435,2669,2685,2706,2814,2820,2838,2945,2960,2970,3105,3201
2664,2669
2665,2800
2666,2800
2667,2570,2789
2668,2659
2669,2435,2663,2664
2670,2657
2671,2436,2796,3006,3009,3222
2672,2781,2797,3002,3005,3027,3144
2673,2437,2674,2675
2674,2673
2675,2586,2673,2711,2891,3216
2676,2915
2677,2678
2678,2459,2566,2677
2679,2715,2943
2680,2681
2681,491,2680,2985
2682,2445
2683,2440
2684,2440
2685,2663,2814
2686,2445,2446,2687
2687,2686,2779,3004
2688,2450,2759,2847,2937,3051,3099,3100
2689,3091
2690,3092
2691,2692
2692,2691,2838,2892,2943
2693,2575,2937,2973,3146,3181,3263
2694,2658,2909,3078,3172,3287
2695,2453,2922,3022,3023,3030
2696,2980
2697,2704,2788
2698,2455,2882,3094,3134,3135,3191,3271
2699,2435,2700
2700,2699
2701,2710,3269
2702,2435,2537
2703,2435,2623,3068
2704,2459,2697,2746,2788,3013
2705,2594,2897,3104
2706,2663
2707,2811,2841
2708,2445
2709,2446
2710,2456,2457,2701
2711,2586,2675,3200,3216
2712,2958,3211,3221,3264
2713,2465
2714,2465
2715,2679,2943
2716,2812,2972,2979,3058
2717,2466,3245,3280
2718,2451,2466,2467,2468,2586,2720,2721,3159,4023,4024
2719,2469
2720,2451,2718
2721,2586,2718
2722,2554,2724
2723,2586,2758,2881,2890,2974
2724,2470,2722,2847
2725,2756,2757,2780,2839,2840,2858,3106
2726,2532,2727,3062
2727,2532,2726,3062
2728,2782,3010,3288
2729,2543,2953,3063,3208,3266
2730,2428,2499,2732
2731,2428,2491,2733
2732,2730
2733,2731
2734,2576,2608,3065
2735,2739
2736,2828
2737,2485,2738,2739,2807,3011
2738,2737,2739,2780,3194
2739,2735,2737,2738
2740,2741,2742
2741,2656,2740,2761,2767,2884,2933,3042,3043
2742,2486,2740,2743
2743,2742
2744,2486,2487,2745
2745,2744
2746,2704,3013
2747,3082
2748,3083
2749,3084
2750,3085
2751,3086
2752,3087
2753,3088
2754,3089
2755,3090
2756,2725
2757,2725,2858
2758,2723,2890
2759,2688,3100
2760,2492,2660
2761,2495,2653,2741,2796,2841,2879,2884,3042
2762,2496
2763,2496
2764,2496
2765,2486,2766,3018
2766,2534,2543,2765,3113
2767,2497,2656,2741,3101
2768,2498,2769
2769,2768
2770,2498,2499,2771
2771,2770
2772,2773,2781,2782
2773,2772
2774,3003
2775,2982,3004
2776,2501
2777,2501
2778,2507
2779,2687,2843
2780,2725,2738,2839,2840,2858
2781,2672,2772,2782,3005,3012
2782,2728,2772,2781,2968,2969,3002,3010
2783,2505
2784,2506,2785,2786,3077
2785,2784,2786
2786,2506,2784,2785
2787,2788
2788,2697,2704,2787,2978,3268
2789,2667
2790,2528,2621
2791,2564,2609
2792,2545,2793,2924
2793,2531,2792,2917,3287
2794,2448,2458,3013
2795,2576,2608,3109
2796,2514,2653,2671,2761
2797,2672,2840,3027,3111,3153
2798,2799,2801,3176
2799,2798,2801,2821,2998,3151,3212,3223,3254
2800,491,2665,2666,2801,2947,2948
2801,2798,2799,2800,2821,2998,3151,3152,3212,3223,3254
2802,2554,2923,2996,3285
2803,2507
2804,2983
2805,2528,2529,2806
2806,2805
2807,2523,2737,3011,3239
2808,2523,3169
2809,2843
2810,2554,2844
2811,2479,2516,2707,2841,2865,2987,3037
2812,2716,2972
2813,2575
2814,2525,2663,2685,2904,2977,3080,3117
2815,2448,2968,2978,2984,3013
2816,2528,2879,3107,3143,3199
2817,2432
2818,2566,2819
2819,2818
2820,2663,2838,2867,2945,2960,3132,3201
2821,2799,2801,2826,2866,2953
2822,2534,2535,2823
2823,2822
2824,2534,2535,2825
2825,2824
2826,2656,2821,2866,2953,3178,3179
2827,2562,3018
2828,2736,2829
2829,2541,2542,2828
2830,2835
2831,2836
2832,2837
2833,491,2544,2834
2834,2833
2835,491,2543,2830
2836,491,2543,2831
2837,491,2543,2832
2838,2663,2692,2820,2945,2970,3105,3132
2839,2456,2725,2780,2840,2858,3229
2840,2725,2780,2797,2839,3153,3251
2841,2707,2761,2811,2879,2884,3026
2842,2538,2933,2936
2843,2779,2809,2941,2982,3196
2844,2545,2554,2810,2909,3097
2845,2545
2846,2554,2972
2847,2688,2724,2859,2861,2863,2937,3019,3174,3214
2848,2549,2933
2849,2549
2850,2551,2852
2851,2551,2852
2852,2850,2851,2853,2915,2938,3039,3127,3131,3157,3277
2853,2552,2852,3127,3131,3157,3276,3277,3279
2854,2551
2855,2551
2856,2550
2857,2550
2858,2725,2757,2780,2839,3081
2859,2546,2847,2860
2860,2859
2861,2546,2847,2862
2862,2861
2863,2546,2847,2864
2864,2863
2865,2479,2811,3029,3121,3123
2866,2821,2826,2953
2867,2820,2960
2868,2977
2869,3136
2870,3137
2871,2554,2555,2877
2872,2554,2555,2878
2873,2554,2555,2874
2874,2873
2875,2530,2554,2876,2918,3187
2876,2875
2877,2871
2878,2872
2879,2761,2816,2841,2884,2987,3154,3199
2880,2882,3112,3118
2881,2586,2723,2883,2890,2999,3096,3198,3231
2882,2698,2880,2883,3112,3118,3191
2883,2561,2881,2882
2884,2562,2741,2761,2841,2879,2901,2987,3042,3154
2885,3059,3147,3148
2886,2440,2618,2888
2887,2618,2889,3190
2888,2886
2889,2887
2890,2586,2723,2758,2881
2891,2675
2892,2692,2943
2893,2565
2894,2895,2997,3001,3246
2895,2566,2894
2896,2569,2570
2897,2571,2705,2898
2898,2897,3024
2899,2572,2573
2900,2573,2574
2901,2562,2884,2902
2902,2901
2903,2579
2904,2814,2977
2905,2576
2906,2576
2907,2575
2908,2576
2909,2554,2585,2658,2694,2844,2919,3097
2910,2594,2595,2911
2911,2910
2912,2586,2587
2913,2591
2914,2924
2915,2676,2852,3039,3157,3277,3281
2916,2966,3139
2917,2531,2658,2793,2919,2927
2918,2530,2598,2875,3187
2919,2531,2597,2658,2909,2917,2927,2928,2929,3182
2920,3168
2921,2539,2545
2922,2695
2923,2554,2802,3052
2924,2545,2792,2914
2925,2926,2938,2939
2926,2925
2927,2917,2919,2930
2928,2597,2919,3164
2929,2597,2919,3165
2930,2927
2931,2458
2932,3048
2933,2741,2842,2848,2936,3021,3042,3043,3175
2934,2601
2935,2597,2637
2936,2842,2933
2937,2575,2602,2688,2693,2847,2973,3034,3035,3174,3242
2938,2852,2925,2939,3157
2939,2925,2938,2995,3141
2940,2466,3170,3224,4025
2941,2843
2942,2566,2568,3171
2943,2679,2692,2715,2892
2944,2604,2981
2945,2663,2820,2838,2946,3132,3201
2946,2945
2947,2800
2948,2800
2949,2491,2630
2950,491,2951
2951,2950
2952,2998
2953,2543,2729,2821,2826,2866,3036,3266
2954,2605,2606,2955
2955,2954
2956,2605,2957,2958
2957,2445,2605,2956,3095
2958,2712,2956,3264
2959,2486,2549
2960,2608,2663,2820,2867,3064,3110,3122,3149,3162
2961,2607,2609,2962
2962,2961
2963,2964
2964,2610,2963
2965,2576,2602,3067
2966,2641,2916
2967,2472,2620,2641
2968,2448,2782,2815,2969,3012
2969,2782,2968
2970,2663,2838,3105
2971,2615,3133
2972,2554,2716,2812,2846,2979
2973,2575,2693,2937
2974,2618,2723,3053
2975,2618,2619,2976
2976,2975
2977,2620,2814,2868,2904
2978,2788,2815,2984,3204,3268
2979,2621,2716,2972,3192,3193
2980,2624,2696,3055
2981,2625,2944
2982,2775,2843,3004
2983,2629,2804
2984,2815,2978,3233,3236
2985,2681,2986,2991
2986,2985
2987,2630,2811,2879,2884,3108,3154
2988,2630,3123
2989,2991
2990,2489,2577
2991,2629,2985,2989
2992,2440,2464,3197
2993,3198
2994,2623,3119,3120
2995,2939
2996,2554,2802
2997,2894,3246
2998,2543,2799,2801,2952,3212
2999,2881,3198,3231
3000,2554
3001,2894
3002,2672,2782,3003,3144
3003,2774,3002
3004,2687,2775,2982
3005,2458,2672,2781,3126
3006,2521,2534,2596,2671,3009,3057,3158,3222
3007,3008
3008,3007,3248
3009,2671,3006,3210,3222,3270
3010,2728,2782,3166,3265
3011,2737,2807,3239
3012,2458,2781,2968
3013,2704,2746,2794,2815
3014,3015
3015,2494,2578,3014
3016,3017
3017,2494,2503,3016
3018,2491,2495,2497,2514,2535,2765,2827
3019,2847,3174,3214
3020,2655
3021,2933,3175
3022,2695
3023,2695
3024,2898
3025,2661,3072
3026,2841
3027,2672,2797
3028,3049,3050
3029,2865,3123
3030,2695
3031,3129,3130,3285
3032,3102
3033,3103
3034,2937,3035
3035,2937,3034
3036,2953
3037,2516,2811
3038,3042
3039,2852,2915,3277
3040,3106
3041,2654
3042,2741,2761,2884,2933,3038,3043
3043,2741,2933,3042
3044,2451,2577
3045,3046,3076,3138
3046,2523,3045
3047,3048,3074,3136
3048,2523,2932,3047
3049,3028
3050,2506,2602,3028
3051,2688,3099
3052,2923
3053,2974
3054,3198
3055,2980
3056,2538,2549
3057,3006
3058,2716
3059,2885
3060,3129,3130
3061,2490,2609
3062,2726,2727
3063,2729
3064,2960,3110,3149
3065,2734
3066,3160,3187,3203
3067,2965
3068,2703
3069,2543
3070,3071,3085,3168
3071,3070,3074,3090
3072,3025,3087,3138,3202
3073,3074,3082,3167
3074,3047,3071,3073
3075,3076,3084,3086
3076,3045,3075,3089
3077,2784
3078,2658,2694
3079,2500
3080,2814,3117
3081,2858
3082,2747,3073
3083,2748,3102
3084,2749,3075
3085,2750,3070
3086,2751,3075
3087,2752,3072
3088,2753,3103
3089,2754,3076
3090,2755,3071
3091,2485,2689,3102
3092,2485,2690,3103
3093,3128,3129
3094,2698
3095,2445,2957
3096,2586,2881
3097,2554,2844,2909
3098,2575,3282
3099,2688,3051
3100,2688,2759
3101,2767
3102,3032,3083,3091
3103,3033,3088,3092
3104,2705
3105,2663,2838,2970
3106,2456,2725,3040
3107,2816
3108,2987
3109,2795
3110,2960,3064,3149
3111,2797
3112,2880,2882,3118
3113,2534,2543,2766
3114,2501,2531,2580
3115,2652
3116,2490,2604
3117,2814,3080
3118,2880,2882,3112,3145,3247
3119,2994,3120
3120,2994,3119
3121,2865
3122,2960,3162
3123,2865,2988,3029,3250
3124,2539,3129
3125,2539,3129
3126,3005
3127,2852,2853,3131
3128,3093,3129,3130
3129,2554,3031,3060,3093,3124,3125,3128,3130,3150,3285
3130,3031,3060,3128,3129,3285
3131,2852,2853,3127
3132,2820,2838,2945
3133,2971
3134,2698,3135,3271
3135,2698,3134,3271
3136,2869,3047
3137,2870,3138
3138,3045,3072,3137
3139,2916
3140,3157
3141,2939
3142,2554,3285
3143,2816
3144,2672,3002
3145,3118,3247
3146,2693,3181
3147,2564,2885
3148,2564,2885
3149,2960,3064,3110
3150,2554,3129
3151,2799,2801
3152,2801
3153,2797,2840,3251
3154,2879,2884,2987
3155,2546,2576
3156,2657
3157,2852,2853,2915,2938,3140
3158,2596,3006
3159,2586,2718
3160,3066,3187,3203
3161,3175
3162,2960,3122
3163,3198
3164,2928
3165,2929
3166,3010
3167,3073
3168,2920,3070
3169,2808
3170,2940
3171,2942
3172,2694,3287
3173,2498
3174,2847,2937,3019,3214
3175,2543,2933,3021,3161,3195
3176,2798
3177,2656
3178,2826
3179,2656,2826
3180,2534,2596
3181,2693,3146
3182,2531,2919
3183,3190
3184,3189
3185,3188
3186,3187
3187,2530,2875,2918,3066,3160,3186,3203
3188,2555,2634,3185
3189,2608,2654,3184,3284
3190,2450,2887,3183
3191,2698,2882
3192,2979
3193,2979
3194,2738
3195,3175
3196,2843
3197,2992
3198,2881,2993,2999,3054,3163,3231
3199,2816,2879
3200,2586,2711
3201,2663,2820,2945
3202,2661,3072
3203,3066,3160,3187
3204,2978
3205,2633
3206,2577,3278
3207,2447
3208,2543,2729
3209,2642
3210,3009,3270
3211,2712
3212,2799,2801,2998
3213,2644
3214,2847,3019,3174
3215,2489,3253
3216,2586,2675,2711
3217,2473
3218,2477,3219
3219,2478,3218
3220,2484,3273
3221,2712
3222,2671,3006,3009
3223,2799,2801
3224,2940
3225,2494
3226,2494
3227,2503
3228,2503
3229,2456,2839
3230,2513,3267
3231,2881,2999,3198
3232,2516
3233,2984,3236
3234,2522
3235,2527,3252,3267
3236,2984,3233
3237,2645
3238,2645
3239,2807,3011
3240,2646
3241,2646
3242,2937
3243,2560
3244,2560
3245,2466,2717,3280
3246,2894,2997
3247,3118,3145
3248,2578,3008
3249,2578
3250,3123
3251,2840,3153
3252,2590,3235,3267
3253,2489,3215
3254,2799,2801
3255,2647
3256,2648
3257,2648
3258,2648
3259,2648
3260,2648
3261,2648
3262,2649
3263,2693
3264,2712,2958
3265,3010
3266,2729,2953
3267,2617,3230,3235,3252
3268,2788,2978
3269,2701
3270,3009,3210
3271,2698,3134,3135
3272,2501
3273,2631,3220
3274,2650
3275,2650
3276,2853,3277
3277,2852,2853,2915,3039,3276
3278,2577,3206
3279,2853
3280,2466,2717,3245
3281,2915
3282,2575,3098,3283
3283,3282
3284,2632,3189
3285,2554,2802,3031,3129,3130,3142
3286,3287
3287,2694,2793,3172,3286
3288,2728
3289,2612,2651,3291
3290,2612,2651,3292
3291,3289
3292,3290
3293,2553
3294,3412,3489,3594
3295,3296,3335,3389,3553
3296,3295,3315,4862
3297,3298,3326,3434,3507,3569
3298,3297,3311,3327,3334
3299,3300,3539
3300,3299,3315,3330,3441,3442,3559
3301,3447
3302,3447,3623,3709
3303,3451,3632,3673
3304,3469
3305,3469
3306,3469
3307,3468
3308,3345,3421,3470,3471,3541,3628,3653
3309,3475,3581,3597,3655,3693
3310,3311,3465,3466,3646
3311,3298,3310,3334,3358,3461,3478,3479,3485
3312,3313,3456
3313,3312,3322,3334,3337,3352,3360,3485,3594,3633,3698
3314,3315,3694
3315,3296,3300,3314,3436
3316,3356,3611,3626,3657
3317,3318,3367,3484,3537,3558,3621
3318,3317,3337,3353,3393,3394,3422,3725
3319,3474,4865
3320,3419,3498,3574,3575,3678
3321,3361,3543,3547,3548,3608
3322,3313,3329,3472,3633,3699
3323,3324,3455,3669,4831
3324,3323,3332,3346
3325,3343,3565
3326,3297,3573
3327,3298,3577
3328,3329,3714,3741
3329,3322,3328,3562,3743
3330,3300,3366,3467,3473,3499,3559,3583,3587,3588
3331,3332,3581,3582,3706
3332,3324,3331,3436,3698,4604,4832
3333,3334,3617,3723
3334,3298,3311,3313,3333,4877
3335,3295,3630,4760
3336,3337
3337,3313,3318,3336,3352,4656
3338,3350,3430,3629,3673,4866
3339,3635
3340,3644
3341,3343
3342,3343,3530,4876
3343,3325,3341,3342,3414,4877
3344,3574,3575,3584,3639,3640,3648,3649,3660
3345,3308,3473,3648,3649
3346,3324,3404,3623,4889
3347,3361,3710
3348,3349,3350,3403,3662,3679,3730
3349,3348,4884
3350,3338,3348,3664
3351,3674,3675,3689,3701,3702
3352,3313,3337,3562,3599,3672,3674,3675,3690,3703
3353,3318,3362,3363,3366,3613,3653,4583
3354,3424,3487,3564,3656
3355,3356
3356,3316,3355,3433,3438,3570,3602,3639,3715,3716,3717
3357,3358,3591,3684,3723,3724
3358,3311,3357
3359,3360,3396,3726,3727,3728
3360,3313,3359,3467,3726
3361,3321,3347,3362,3731,4678
3362,3353,3361,4679
3363,3353,4477
3364,3476,4510
3365,3580,4571
3366,3330,3353,3717
3367,3317
3368,3369
3369,3368,3370,3371
3370,3369,4876
3371,3369,3524
3372,3517,3568,3609,3622
3373,4879
3374,3432
3375,3432
3376,3432
3377,3433
3378,3481
3379,3380,3381,4479
3380,3379
3381,3379
3382,4851
3383,3741
3384,3563
3385,3592
3386,4851
3387,3446
3388,4879
3389,3295
3390,3581
3391,3691
3392,3695
3393,3318
3394,3318
3395,3710
3396,3359
3397,3657
3398,3657
3399,3626
3400,3566,3676
3401,3402,3535,3610
3402,3401,3403,3555,3687
3403,3348,3402
3404,3346,3748,3749
3405,3457,3683
3406,3659
3407,3411
3408,3411
3409,3412
3410,3412
3411,3407,3408,3412,3667,3678,3713
3412,3294,3409,3410,3411,3518,3520,3677
3413,3469,3627
3414,3343,3685
3415,3503,3552
3416,3469,3660
3417,3418,3431,3432
3418,3417,3432
3419,3320,3566,3677
3420,3628
3421,3308,3533
3422,3318,3672
3423,3529,3554
3424,3354,3426,3427
3425,3427
3426,3424
3427,3424,3425,3601,3734
3428,3609,3624
3429,3430
3430,3338,3429,3620
3431,3417
3432,3374,3375,3376,3417,3418,3611,3696
3433,3356,3377,3696
3434,3297,3658
3435,3530,3565
3436,3315,3332
3437,3486,3568
3438,3356,3666
3439,3528,3589
3440,3591
3441,3300
3442,3300
3443,3445,3615
3444,3741
3445,3443
3446,3387,3448,3449,3738
3447,3301,3302,3738
3448,3446
3449,3446
3450,3546,3711
3451,3303
3452,3616
3453,3498
3454,3455,3647
3455,3323,3454,4846
3456,3312,3622
3457,3405,3458,3459,3664
3458,3457
3459,3457
3460,3466
3461,3311
3462,3463
3463,3462,3464,3466
3464,3463,3465
3465,3310,3464
3466,3310,3460,3463
3467,3330,3360
3468,3307,3469,3503,3504,3528,3621
3469,3304,3305,3306,3413,3416,3468,3470,3471,3480,3527,3592,3593,3614,3615
3470,3308,3469
3471,3308,3469
3472,3322,3599
3473,3330,3345
3474,3319,3545
3475,3309
3476,3364
3477,3711
3478,3311
3479,3311
3480,3469
3481,3378,3482,3700
3482,3481
3483,3537
3484,3317,3740
3485,3311,3313,3486,3685
3486,3437,3485,3487,3568
3487,3354,3486,3488,3561,3734
3488,3487,3680
3489,3294,3499
3490,3546,3738
3491,3492
3492,3491,3676,3728
3493,3651
3494,3497,3500,3501
3495,3500,3502,3735
3496,3501,3502,3736
3497,3494
3498,3320,3453,3500,3501,3502,3526,3627
3499,3330,3489,3516,3628
3500,3494,3495,3498
3501,3494,3496,3498
3502,3495,3496,3498
3503,3415,3468
3504,3468,3551
3505,3697,3733
3506,3507
3507,3297,3506,3617
3508,3511
3509,3514
3510,3512
3511,3508,3513
3512,3510,3513,3514,3564,3739
3513,3511,3512,3561,3565
3514,3509,3512
3515,3551,3552,3701,3702
3516,3499,3743
3517,3372
3518,3412,3521,3585
3519,3667
3520,3412
3521,3518
3522,3558
3523,3572,3740
3524,3371,3624
3525,3526
3526,3498,3525,3638
3527,3469,3666
3528,3439,3468
3529,3423
3530,3342,3435
3531,3532,3704
3532,3531
3533,3421,3671
3534,3707
3535,3401
3536,3718
3537,3317,3483,3704
3538,3539,3747
3539,3299,3538,3742
3540,3655
3541,3308,3725
3542,3605,3654,3668
3543,3321,3563,3718
3544,4863
3545,3474,3557
3546,3450,3490,3618,3619
3547,3321
3548,3321
3549,3613
3550,3707
3551,3504,3515
3552,3415,3515
3553,3295,3693
3554,2,3423,3676
3555,3402,3652
3556,3606,3610
3557,3545,3709
3558,3317,3522
3559,3300,3330
3560,3580
3561,3487,3513
3562,3329,3352
3563,3384,3543,3745
3564,3354,3512,3565
3565,3325,3435,3513,3564,3656
3566,3400,3419,3676
3567,3720
3568,3372,3437,3486
3569,3297,3578,3732
3570,3356,3589
3571,3602
3572,3523,3602
3573,3326,3590,3658
3574,3320,3344
3575,3320,3344
3576,3590
3577,3327,3578,3579,3719,3732
3578,3569,3577
3579,3577
3580,3365,3560
3581,3309,3331,3390
3582,3331,3655
3583,3330,3613
3584,3,3344,3626
3585,3518,3586
3586,3585,3727
3587,2,3330
3588,2,3330
3589,3439,3570
3590,3573,3576
3591,3357,3440,3625
3592,3385,3469,3616
3593,3469,3663
3594,3294,3313
3595,3727
3596,3728
3597,3309,3598
3598,3597,3694
3599,3352,3472
3600,3629,3720
3601,3427,3739
3602,3356,3571,3572
3603,3720
3604,3606,3661
3605,3542,3612
3606,3556,3604,3607
3607,3606
3608,3321,3710,3737
3609,3372,3428
3610,3401,3556,3662
3611,3316,3432
3612,3605,3670
3613,3353,3549,3583
3614,3469,3663
3615,3443,3469
3616,3452,3592
3617,3333,3507
3618,3546
3619,3546,3650
3620,3430,3706
3621,3317,3468
3622,3372,3456,3733
3623,3302,3346
3624,3428,3524
3625,3591
3626,3316,3399,3584
3627,3413,3498
3628,3308,3420,3499
3629,3338,3600
3630,3335,3742
3631,3632
3632,3303,3631,3723
3633,3313,3322
3634,3684,3723
3635,3339,3636
3636,3635,3722
3637,3638
3638,2,3526,3637
3639,3344,3356
3640,3344,3657
3641,3642
3642,3641,3679
3643,4886
3644,3340,4629
3645,3646
3646,3310,3645,3723
3647,3454
3648,3344,3345
3649,3344,3345
3650,3619,3670,4886
3651,3493,3652
3652,3555,3651,3664
3653,3308,3353
3654,3542
3655,3309,3540,3582
3656,3354,3565
3657,3316,3397,3398,3640
3658,3434,3573
3659,3406,3687
3660,3344,3416
3661,3604
3662,3348,3610,3683,3744
3663,3593,3614
3664,3350,3457,3652
3665,3727
3666,3438,3527
3667,3411,3519
3668,3542,3746
3669,3323,3746
3670,3612,3650
3671,3533,3703
3672,3352,3422
3673,3303,3338
3674,3351,3352
3675,3351,3352
3676,3400,3492,3554,3566,3700
3677,3412,3419
3678,3320,3411
3679,3348,3642
3680,3488,3681,3682
3681,3680
3682,3680
3683,3405,3662
3684,3357,3634,3686,3723
3685,3414,3485
3686,3684,3724
3687,3402,3659
3688,3729
3689,3351
3690,3352,3699
3691,3391,3692
3692,3691,3693
3693,3309,3553,3692
3694,3314,3598
3695,3392,3696
3696,3432,3433,3695
3697,3505,3698
3698,3313,3332,3697
3699,3322,3690
3700,3481,3676
3701,3351,3515
3702,3351,3515
3703,3352,3671
3704,3531,3537
3705,3706
3706,3331,3620,3705
3707,3534,3550,3708
3708,3707,3709
3709,3302,3557,3708
3710,3347,3395,3608
3711,3450,3477
3712,3713,3714
3713,3411,3712
3714,3328,3712
3715,3356
3716,3356
3717,3356,3366
3718,3536,3543
3719,3577
3720,3567,3600,3603
3721,3738
3722,3636,3723
3723,3333,3357,3632,3634,3646,3684,3722
3724,3357,3686
3725,3318,3541
3726,3359,3360
3727,3359,3586,3595,3665
3728,3359,3492,3596
3729,3688,3730
3730,3348,3729
3731,3361
3732,3569,3577
3733,3505,3622
3734,3427,3487
3735,3495
3736,3496
3737,3608
3738,3446,3447,3490,3721
3739,3512,3601
3740,3484,3523
3741,3328,3383,3444
3742,3539,3630
3743,3329,3516
3744,3662
3745,3563
3746,3668,3669
3747,3538
3748,3404,3749
3749,3404,3748
3750,3779,3933
3751,3763,3768,3794
3752,3763,3794
3753,3774,3805,3937
3754,3755,3756,3775
3755,3754,3785
3756,3754,3779
3757,3758
3758,3757,3793,3931,3932
3759,3760,3793,3884
3760,3759
3761,3762
3762,3761,3785,3789
3763,3751,3752,3765,3789,3927,3933,3936
3764,3766,3767,3790,3947,4200
3765,3763
3766,3764
3767,3764,3802,3839,3939
3768,3751,3839
3769,3839,3944
3770,484,693,3771
3771,114,3770,3783
3772,3773,3784,3826,3848
3773,3772
3774,3753,3796
3775,3754,3798,3864
3776,3777,3778,3793,3810,3922,3923
3777,3776,3798
3778,3776,3798
3779,3750,3756,3944
3780,3782,3817,3852,3856,3872,3894
3781,3782,3791
3782,727,3780,3781,3786,3799,3802,3871
3783,3771,3871
3784,3772,3785,3786,3837,3842,3843,3869,3880
3785,3755,3762,3784,3786,3798
3786,3782,3784,3785,3788,3799,3906,4200
3787,3788,3858,3887,3892,3897
3788,3786,3787,3790
3789,3762,3763,3896,3936
3790,3764,3788,3896
3791,3781,3938
3792,3793
3793,3758,3759,3776,3792,3823,3923
3794,3751,3752,3795,3905
3795,3794,3796
3796,3774,3795,3803
3797,3798,3800,3855,3877,3878,3888,3917,3935
3798,3775,3777,3778,3785,3797,3801,3938
3799,3782,3786,3940,3941,3942
3800,3797
3801,3798
3802,3767,3782,3919
3803,3796,3804,3805,3929,3937,3945
3804,3803,3939,4200
3805,3753,3803,3929
3806,3864,3865
3807,3808,3839
3808,3807,3845,3902
3809,3876,3895
3810,3776,3858,3922,3931,3946
3811,3812,3822
3812,3811,3832,3865
3813,3814,3844,3899
3814,3813,3839
3815,3832,3909
3816,3820,3822,3850
3817,3780,3818
3818,3817,3890,3891
3819,3881
3820,3816
3821,3897
3822,3811,3816
3823,3793,3824,3882
3824,3823,3894,3913,3914
3825,3826,3843
3826,3772,3825,3904
3827,3864,3909,3919
3828,3829,3857,3945
3829,3828
3830,3831,3838,3896,3901
3831,3830,3833,3896
3832,3812,3815,3850
3833,3831,3834
3834,3833,3920
3835,3836,3851,3856,3864,3880
3836,3835
3837,3784,3908,3919
3838,3830,3896
3839,3767,3768,3769,3807,3814,3840,3841,3845,3863,3907
3840,3839,3924
3841,3839,3844
3842,3784
3843,3784,3825
3844,3813,3841,3845
3845,3808,3839,3844
3846,3873,3874
3847,3848
3848,3772,3847,3860
3849,3896,3921,3928
3850,3816,3832
3851,3835,3852
3852,3780,3851,3864
3853,3854
3854,3853,3857,3862
3855,3797,3889
3856,3780,3835,3913
3857,3828,3854
3858,3787,3810
3859,3860
3860,3848,3859,3869
3861,3903,3904
3862,3854,3915
3863,3839,3902
3864,3775,3806,3827,3835,3852,3865,3908
3865,3806,3812,3864
3866,3867,3905
3867,3866,3905,3907
3868,3873,3896
3869,3784,3860
3870,3871
3871,3782,3783,3870
3872,3780,3916,3917
3873,3846,3868,3896,3912
3874,3846,3875,3930
3875,3874,3896,3904
3876,3809,3879,3893
3877,3797,3878
3878,3797,3877,3917
3879,3876,3905
3880,3784,3835
3881,3819,3926
3882,3823,3883,3917
3883,3882,3918
3884,3759,3911
3885,3886,3905
3886,3885,3905,3915
3887,3787
3888,3797,3889,3891
3889,3855,3888,3910
3890,3818
3891,3818,3888,3910
3892,3787,3903
3893,3876,3939
3894,3780,3824,3916
3895,3809,3905
3896,3789,3790,3830,3831,3838,3849,3868,3873,3875,3901,3920,3921,3928
3897,3787,3821
3898,3899,3924,3934
3899,3813,3898,3919
3900,3901
3901,3830,3896,3900
3902,3808,3863,3926
3903,3861,3892,3904
3904,3826,3861,3875,3903,3928
3905,3794,3866,3867,3879,3885,3886,3895,3906
3906,3786,3905,4200
3907,3839,3867
3908,3837,3864
3909,3815,3827,3926
3910,3889,3891
3911,3884,3918
3912,3873,3919
3913,3824,3856
3914,3824,3923
3915,3862,3886
3916,3872,3894
3917,3797,3872,3878,3882,3918
3918,3883,3911,3917
3919,3802,3827,3837,3899,3912,3934
3920,3834,3896
3921,3849,3896
3922,3776,3810
3923,3776,3793,3914
3924,3840,3898,3925
3925,3924
3926,3881,3902,3909
3927,3763
3928,3849,3896,3904
3929,3803,3805
3930,3874
3931,3758,3810,3932
3932,3758,3931
3933,3750,3763
3934,3898,3919
3935,3797
3936,3763,3789
3937,3753,3803
3938,3791,3798
3939,3767,3804,3893
3940,3799
3941,3799
3942,3799
3943,3944
3944,3769,3779,3943
3945,3803,3828
3946,3810
3947,3764
3948,3974
3949,3957,3979,4013
3950,3951,3999
3951,3950,3976
3952,3976,3981
3953,4041
3954,3984,4001
3955,3967,3996,4063,4065
3956,3970,4056,4057
3957,3949,3958,3964
3958,3957,3966,3980,3990,4009,4032
3959,3960,4000,4017
3960,3959,3980,3998,4009,4012
3961,3963,4024,4035
3962,3963,4046
3963,3961,3962,4005,4048
3964,3957,4000
3965,3966
3966,3958,3965,4003
3967,3955,3986,4042,4064,4065
3968,3970
3969,3970
3970,3956,3968,3969,3972
3971,3972,3973
3972,3970,3971,4030,4073
3973,3971,3993,4006
3974,3948,3985,3996
3975,4079
3976,3951,3952,3995
3977,3980
3978,3980
3979,3949,3980
3980,3958,3960,3977,3978,3979,3981,4021,4028
3981,3952,3980
3982,3984,4039
3983,519,4036,4068
3984,3954,3982,4001
3985,3974,3986
3986,3967,3985,3987,3988
3987,3986,4079
3988,427,3986
3989,4007,4049
3990,3958
3991,3992,4026
3992,3991,4004
3993,3973,4013,4014,4022
3994,4034
3995,3976,4069
3996,3955,3974,4066
3997,3998,4017
3998,3960,3997
3999,3950,4051
4000,3959,3964
4001,3954,3984,4002,4021,4030
4002,4001,4031
4003,3966,4021,4048
4004,3992,4035
4005,3963,4037
4006,3973,4029
4007,3989,4008
4008,4007,4050,4057
4009,3958,3960
4010,4019,4038,4047,4080
4011,4037,4048
4012,3960,4018
4013,3949,3993,4029
4014,3993
4015,4030,4039
4016,4026,4034,4059
4017,3959,3997
4018,4012
4019,4010,4038
4020,4021
4021,3980,4001,4003,4020
4022,3993
4023,2718,4035
4024,2718,3961
4025,2940,4027
4026,3991,4016
4027,4025,4034
4028,3980
4029,4006,4013,4030
4030,3972,4001,4015,4029,4032,4033,4081
4031,4002,4032,4040,4042
4032,3958,4030,4031
4033,4030
4034,3994,4016,4027,4035
4035,3961,4004,4023,4034,4058
4036,2343,3983
4037,4005,4011,4039,4040,4081
4038,4010,4019,4039
4039,3982,4015,4037,4038,4081
4040,4031,4037
4041,3953,4042,4050
4042,3967,4031,4041,4043,4044,4067
4043,4042
4044,4042
4045,4046
4046,3962,4045,4047
4047,4010,4046
4048,3963,4003,4011,4081
4049,3989,4050
4050,4008,4041,4049
4051,3999,4054
4052,4053,4054
4053,4052,4070,4071
4054,4051,4052
4055,4056
4056,3956,4055
4057,3956,4008
4058,4035,4059
4059,4016,4058
4060,4061,4062
4061,4060,4064,4066,4072
4062,4060,4063
4063,3955,4062
4064,3967,4061
4065,3955,3967
4066,3996,4061,4067
4067,4042,4066
4068,3983,4069
4069,3995,4068
4070,4053,4106
4071,4053,4106
4072,4061
4073,3972,4074
4074,4073,4075,4076,4077
4075,4074
4076,4074
4077,4074
4078,4079
4079,3975,3987,4078
4080,4010,4081
4081,4030,4037,4039,4048,4080
4082,4087
4083,4085
4084,4085
4085,4083,4084,4087,4091,4100
4086,4087
4087,4082,4085,4086,4091,4163
4088,4167,4173,4219,4268
4089,4090,4300
4090,4089,4188,4189
4091,4085,4087,4122,4161,4218
4092,4093
4093,4092,4117,4190,4209
4094,4103,4286
4095,4153,4280
4096,4106
4097,4107
4098,4137,4201,4223,4246,4247
4099,4148,4282,4283,4284
4100,2557,4085,4111,4173
4101,4102,4242,4245,4261
4102,4101,4207,4228,4318
4103,4094,4152,4306,4307
4104,4105,4153,4226
4105,4104
4106,4070,4071,4096,4107
4107,4097,4106,4108,4110,4145,4148
4108,4107,4185
4109,4110
4110,4107,4109
4111,4100,4122,4139,4157,4244
4112,482,4113,4174,4202,4222,4269
4113,130,4112,4214
4114,476,4115
4115,4114,4149,4150,4321
4116,4173,4188,4212
4117,4093
4118,4119,4240,4241
4119,4118,4125,4155,4160
4120,4121,4164,4286,4459
4121,109,523,4120,4165,4180
4122,4091,4111,4144,4151,4203
4123,4125
4124,4125
4125,4119,4123,4124
4126,4129
4127,4129
4128,4129,4253
4129,4126,4127,4128,4187,4202,4222,4318
4130,2441,2563,4324,4325
4131,4132
4132,4131,4197
4133,4134,4157
4134,4133,4212
4135,4136,4139,4159
4136,4135
4137,4098,4223
4138,4139,4158,4239,4260
4139,4111,4135,4138,4155,4163,4225
4140,4152,4176
4141,4144
4142,4144
4143,4144
4144,4122,4141,4142,4143
4145,4107,4147
4146,527,4147
4147,4145,4146
4148,4099,4107,4152,4172,4205
4149,2441,4115,4326
4150,4115,4174,4327
4151,4122,4203
4152,4103,4140,4148,4153,4210,4213,4216
4153,4095,4104,4152,4164,4166
4154,4155,4254
4155,4119,4139,4154,4157,4160,4194
4156,4157,4243,4250,4259
4157,4111,4133,4155,4156,4195
4158,4138,4224,4229,4230,4234
4159,4135,4163,4231,4232,4233
4160,4119,4155
4161,4091,4207,4218,4270
4162,4163,4252
4163,4087,4139,4159,4162,4173,4194
4164,4120,4153,4165,4217
4165,571,4121,4164,4175,4180,4208,4220
4166,4153,4289,4290
4167,4088,4182,4189,4209,4215
4168,4169,4170,4197
4169,4168
4170,4168
4171,4172
4172,4148,4171,4205
4173,2622,4088,4100,4116,4163,4194,4195,4219
4174,475,4112,4150
4175,4165,4208,4318
4176,4140,4177,4281
4177,4176
4178,4180
4179,4180
4180,843,4121,4165,4178,4179
4181,4183,4188,4197,4291
4182,4167,4211,4296,4297,4298,4299
4183,4181,4184,4227
4184,4183
4185,4108,4186
4186,4185
4187,4129,4301,4318
4188,4090,4116,4181,4189,4197,4204,4212,4219
4189,4090,4167,4188,4285
4190,4093,4215
4191,4194
4192,4194
4193,4194
4194,4155,4163,4173,4191,4192,4193,4235
4195,4157,4173,4219
4196,4197,4255,4258,4267
4197,4132,4168,4181,4188,4196
4198,4200
4199,4200
4200,3764,3786,3804,3906,4198,4199,4203,4207,4228
4201,4098
4202,4112,4129,4222
4203,4122,4151,4200,4305
4204,4188,4236,4237,4257,4262,4263
4205,4148,4172,4287,4288
4206,4219
4207,4102,4161,4200,4208,4218
4208,4165,4175,4207,4214
4209,4093,4167
4210,4152,4309,4310,4311,4312,4313
4211,4182,4314,4315,4316,4317
4212,565,4116,4134,4188
4213,4152,4306
4214,4113,4208
4215,4167,4190,4265
4216,4152,4217
4217,4164,4216
4218,4091,4161,4207
4219,4088,4173,4188,4195,4206,4220,4302
4220,2544,4165,4219
4221,4222
4222,4112,4129,4202,4221,4223,4318
4223,4098,4137,4222
4224,4158
4225,4139,4271,4272,4273,4274,4275,4276
4226,4104
4227,4183
4228,4102,4200
4229,4158
4230,4158
4231,4159
4232,4159
4233,4159
4234,4158
4235,4194
4236,4204
4237,4204
4238,4244
4239,4138
4240,4118
4241,4118
4242,4101
4243,4156
4244,4111,4238
4245,4101
4246,4098
4247,4098,4248,4249
4248,4247
4249,4247
4250,4156
4251,4266
4252,4162
4253,4128
4254,4154
4255,4196
4256,4265
4257,4204
4258,4196
4259,4156
4260,4138
4261,4101
4262,4204
4263,4204
4264,4265
4265,4215,4256,4264
4266,2622,4251
4267,4196
4268,4088
4269,4112
4270,4161
4271,4225
4272,4225
4273,4225
4274,4225
4275,4225
4276,4225
4277,4280
4278,4280
4279,4280
4280,4095,4277,4278,4279,4292
4281,4176
4282,4099
4283,4099
4284,4099
4285,4189,4322,4323
4286,4094,4120
4287,4205
4288,4205
4289,4166
4290,4166
4291,4181
4292,4280,4293,4294,4295
4293,4292
4294,4292
4295,4292
4296,4182
4297,4182
4298,4182
4299,4182
4300,4089,4319,4320
4301,4187
4302,4219,4303,4304
4303,4302
4304,4302
4305,4203
4306,4103,4213,4308
4307,4103
4308,4306
4309,4210
4310,4210
4311,4210
4312,4210
4313,4210
4314,4211
4315,4211
4316,4211
4317,4211
4318,2557,2622,4102,4129,4175,4187,4222
4319,4300
4320,4300
4321,4115
4322,4285
4323,4285
4324,4130
4325,4130
4326,4149
4327,4150
4328,4343,4376,4388,4393,4411
4329,4332,4347
4330,4332,4378
4331,4402
4332,4329,4330,4408
4333,4336,4337,4341,4348,4382,4386,4392,4399,4401,4403,4414
4334,4341,4356,4358,4360,4384,4392,4396
4335,4336
4336,4333,4335,4348,4382,4399,4403
4337,4333,4343,4346,4347,4348,4362,4374,4382,4396
4338,4387,4403
4339,4343
4340,4341
4341,4333,4334,4340,4358,4396,4401
4342,322,4375,4377
4343,4328,4337,4339,4346,4366,4369,4376,4405,4412
4344,4346,4362,4374,4400
4345,4353,4385,4386,4402,4409,4414
4346,4337,4343,4344,4347,4348,4362,4366,4369,4374,4382,4396,4407,4410,4420
4347,4329,4337,4346,4358,4361,4378,4382,4408,4418,4419
4348,4333,4336,4337,4346,4382,4399,4403
4349,4418
4350,4403
4351,4352
4352,4351,4360,4417
4353,4345,4364,4375,4377,4382,4385,4393,4399,4402,4409,4414
4354,4378,4397,4413
4355,4405,4411
4356,4334,4392,4404
4357,4358
4358,4334,4341,4347,4357,4378,4408,4418
4359,4360,4365,4417
4360,4334,4352,4359,4365,4372,4373,4381,4384,4389,4417
4361,4347,4410
4362,4337,4344,4346,4373,4374,4396,4406,4407,4419,4420
4363,254,4364
4364,4353,4363,4370,4371
4365,4359,4360,4372,4373,4374,4384
4366,4343,4346,4369,4373,4374,4400
4367,4368
4368,4367,4369,4375,4377,4393,4405
4369,4343,4346,4366,4368,4376,4405,4412
4370,4364,4375,4393
4371,4364,4375,4393
4372,4360,4365,4373,4381,4398,4417
4373,4360,4362,4365,4366,4372,4374,4392,4396
4374,4337,4344,4346,4362,4365,4366,4373,4396,4397,4406,4413
4375,4342,4353,4368,4370,4371,4377,4385,4393
4376,4328,4343,4369,4382
4377,4342,4353,4368,4375,4385,4393
4378,4330,4347,4354,4358
4379,4416
4380,4381
4381,4360,4372,4380,4417
4382,4333,4336,4337,4346,4347,4348,4353,4376,4399,4403,4409
4383,4398,4400
4384,4334,4360,4365,4392,4396,4404
4385,4345,4353,4375,4377,4386,4387,4393,4402,4403,4409,4414
4386,4333,4345,4385,4414
4387,4338,4385,4403,4416
4388,4328
4389,4360
4390,4392
4391,4392
4392,4333,4334,4356,4373,4384,4390,4391,4396,4397
4393,4328,4353,4368,4370,4371,4375,4377,4385,4402,4411
4394,4396
4395,4397
4396,4334,4337,4341,4346,4362,4373,4374,4384,4392,4394,4397
4397,4354,4374,4392,4395,4396
4398,4372,4383
4399,4333,4336,4348,4353,4382,4403
4400,4344,4366,4383
4401,4333,4341
4402,4331,4345,4353,4385,4393,4403,4409,4414
4403,4333,4336,4338,4348,4350,4382,4385,4387,4399,4402
4404,4356,4384
4405,4343,4355,4368,4369,4411,4415
4406,4362,4374
4407,4346,4362
4408,4332,4347,4358
4409,4345,4353,4382,4385,4402,4414
4410,4346,4361
4411,4328,4355,4393,4405
4412,4343,4369
4413,4354,4374
4414,4333,4345,4353,4385,4386,4402,4409
4415,4405
4416,264,4379,4387
4417,4352,4359,4360,4372,4381
4418,4347,4349,4358
4419,4347,4362
4420,4346,4362
4421,4422
4422,4421,4436,4437,4443
4423,4425,4433
4424,239
4425,4423
4426,354
4427,355,4431
4428,4430,4444
4429,327
4430,4428
4431,4427
4432,310,4434
4433,4423,4436
4434,4432
4435,4436
4436,291,4422,4433,4435,4437
4437,4422,4436,4440,4443
4438,1120,4440,4442
4439,4440
4440,4437,4438,4439,4442
4441,4442
4442,4438,4440,4441,4443
4443,4422,4437,4442,4444
4444,4428,4443
4445,831,4459,4463
4446,23,2563,4449
4447,24,85,92,476,494,4462
4448,4449
4449,50,86,522,2563,4446,4448,4459
4450,4463
4451,4463
4452,4455
4453,4455
4454,4456
4455,4452,4453,4459
4456,4454,4457,4459
4457,4456
4458,844,4459
4459,515,522,570,830,838,857,2441,4120,4445,4449,4455,4456,4458,4460,4464,4465,4466,4467
4460,100,4459
4461,4462
4462,25,85,133,2563,4447,4461
4463,827,4445,4450,4451
4464,4459
4465,4459
4466,4459
4467,4459
4468,4486,4554
4469,4486,4614
4470,4508,4527,4603,4627,4797
4471,4640,4677,4767
4472,4476,4591
4473,4672
4474,4475,4509,4606,4618,4647
4475,4474,4477,4653,4868
4476,4472,4560
4477,3363,4475,4478,4629,4663,4679
4478,4477,4575,4833
4479,3379,4480,4486
4480,4479,4656
4481,4482,4486
4482,4481,4656
4483,4484,4591,4773
4484,4483,4502,4877
4485,4541,4689
4486,4468,4469,4479,4481,4497,4531,4602
4487,4488,4534,4551
4488,4487,4589,4704
4489,4530,4563
4490,4510,4611
4491,4501,4649
4492,2424,4493,4581,4585,4670
4493,4492,4544,4583
4494,4511,4617,4661,4798
4495,4597,4703
4496,4554,4660
4497,4486,4768
4498,4548,4607,4799
4499,4500,4501
4500,4499,4675
4501,4491,4499,4502,4765,4766
4502,4484,4501
4503,4504
4504,4503,4562,4618
4505,4523,4590
4506,4507,4601
4507,4506,4547,4661
4508,2242,4470,4536
4509,4474,4543,4576,4637
4510,3364,4490,4665
4511,4494,4627
4512,4644,4703
4513,4519,4608,4614,4697
4514,4515,4582,4599
4515,4514
4516,4586,4670
4517,4518,4555,4615
4518,4517,4662
4519,4513,4692,4779,4783
4520,4521,4598
4521,4520,4522,4593,4621,4700,4801,4802,4803
4522,4521
4523,4505,4555,4621,4769
4524,4546,4655
4525,4580,4660
4526,4687,4760
4527,4470,4804,4805
4528,4529
4529,4528,4546,4677
4530,4489,4768
4531,4486,4688
4532,4543,4612,4651
4533,4597,4652,4827
4534,4487,4548
4535,4536,4542,4619,4674,4723
4536,2249,4508,4535
4537,2249,4632
4538,4568,4687,4862,4867
4539,4598,4772,4806,4807,4808
4540,4764,4809,4810
4541,4485,4589,4790
4542,4535,4652,4817
4543,4509,4532,4676,4800
4544,4493,4663
4545,4580
4546,4524,4529
4547,4507,4701
4548,4498,4534,4607
4549,4550,4639
4550,4549,4577,4649
4551,4487,4625
4552,4585,4587
4553,2410,4628,4653,4720
4554,4468,4496,4569
4555,4517,4523,4667,4702
4556,4580,4593
4557,4649,4671
4558,4562,4644
4559,4701
4560,4476
4561,4623,4678
4562,4504,4558,4812
4563,4489,4613,4623,4680
4564,2424,4685
4565,4566,4603,4814,4815,4816
4566,4565,4603,4641
4567,4568,4764
4568,4538,4567,4668
4569,4554,4680
4570,4638,4652
4571,3365,4572,4615,4622,4762
4572,4571,4629
4573,4574
4574,2250,4573,4575,4653
4575,4478,4574,4595,4596,4657
4576,4509,4821
4577,4550
4578,4622,4662
4579,4723
4580,4525,4545,4556,4599
4581,4492
4582,4514,4583,4660
4583,3353,4493,4582
4584,4623,4624
4585,4492,4552
4586,4516,4588,4590
4587,4552,4590
4588,4586
4589,4488,4541,4695,4789
4590,4505,4586,4587
4591,4472,4483,4658
4592,4666,4724
4593,4521,4556,4636
4594,4612
4595,4575
4596,4575
4597,4495,4533
4598,4520,4539
4599,4514,4580
4600,4821
4601,4506,4625
4602,4486,4655
4603,4470,4565,4566,4612,4642,4821
4604,3332
4605,4606
4606,4474,4605,4620
4607,4498,4548,4704
4608,4513,4609,4631
4609,4608,4645,4656,4691
4610,4687,4774
4611,4490,4637
4612,4532,4594,4603
4613,4563
4614,4469,4513
4615,4517,4571
4616,4644,4655
4617,4494,4684,4792
4618,4474,4504
4619,4535
4620,4606,4626,4638
4621,4521,4523,4777
4622,4571,4578,4634
4623,4561,4563,4584
4624,4584
4625,4551,4601
4626,4620
4627,4470,4511,4787
4628,4553,4650,4734
4629,3644,4477,4572,4663
4630,4654
4631,4608,4673
4632,2242,4537
4633,2410,4744
4634,4622,4665
4635,2356,4684
4636,4593
4637,4509,4611
4638,4570,4620,4643
4639,4549
4640,4471,4690
4641,4566,4642,4822
4642,4603,4641,4646
4643,4638
4644,4512,4558,4616,4645
4645,4609,4644,4653
4646,4642,4669
4647,4474,4676
4648,4675
4649,4491,4550,4557
4650,2410,4628,4740,4751,4754
4651,4532
4652,4533,4542,4570,4653,4724,4827
4653,2250,4475,4553,4574,4645,4652
4654,4630,4655
4655,4524,4602,4616,4654
4656,3337,4480,4482,4609,4657
4657,4575,4656
4658,4591,4688
4659,4661,4701
4660,4496,4525,4582
4661,2388,4494,4507,4659,4689
4662,4518,4578,4663
4663,4477,4544,4629,4662
4664,4665
4665,4510,4634,4664
4666,4592
4667,4555
4668,4568,4687,4780
4669,4646
4670,4492,4516
4671,4557,4690,4828
4672,4473,4675
4673,4631,4677
4674,4535,4824
4675,4500,4648,4672
4676,4543,4647,4800
4677,4471,4529,4673
4678,3361,4561,4679,4685
4679,3362,4477,4678
4680,4563,4569
4681,4827
4682,4772,4826
4683,4684
4684,4617,4635,4683
4685,4564,4678
4686,4687,4772
4687,4526,4538,4610,4668,4686
4688,4531,4658
4689,4485,4661
4690,4640,4671,4691,4692
4691,4609,4690
4692,4519,4690,4782
4693,4695
4694,4696
4695,4589,4693,4696
4696,2415,4694,4695,4928
4697,4513
4698,4700,4819
4699,4700
4700,4521,4698,4699
4701,4547,4559,4659
4702,4555
4703,4495,4512
4704,4488,4607,4794
4705,4712,4747
4706,4715,4746
4707,4717,4720
4708,4714,4717
4709,4729,4730,4734,4747,4753
4710,4729,4730
4711,4715,4725
4712,4705,4736
4713,4728,4729
4714,4708,4733
4715,4706,4711
4716,4728,4752
4717,4707,4708
4718,4721,4729
4719,4732,4738
4720,4553,4707,4733
4721,4718,4737
4722,4740,4752,4756
4723,4535,4579,4724
4724,4592,4652,4723
4725,4711,4736
4726,4728,4755
4727,4750,4757,4785
4728,4713,4716,4726,4737,4775,4776
4729,4709,4710,4713,4718,4749
4730,4709,4710
4731,4749,4752
4732,4719,4739
4733,4714,4720
4734,4628,4709,4741,4746,4758
4735,4739,4745
4736,4712,4725
4737,4721,4728
4738,4719,4740
4739,4732,4735
4740,4650,4722,4738,4743
4741,4734,4748
4742,4743,4748
4743,4740,4742
4744,2210,4633
4745,4735,4752
4746,4706,4734
4747,4705,4709
4748,4741,4742
4749,4729,4731
4750,2410,4727,4755,4785
4751,4650,4752
4752,4716,4722,4731,4745,4751
4753,4709
4754,2410,4650,4755
4755,4726,4750,4754
4756,4722,4759,4813
4757,4727
4758,4734
4759,4756
4760,3335,4526
4761,4762
4762,4571,4761,4778
4763,4769
4764,4540,4567
4765,4501
4766,4501
4767,4471
4768,4497,4530,4770
4769,4523,4763
4770,4768,4771
4771,4770
4772,4539,4682,4686
4773,4483
4774,4610
4775,4728
4776,4728
4777,4621
4778,4762
4779,4519
4780,4668,4781
4781,4780,4825
4782,4692
4783,4519,4828
4784,4785
4785,4727,4750,4784
4786,4787
4787,4627,4786
4788,4795
4789,4589,4793
4790,4541
4791,4792
4792,4617,4791
4793,4789,4794,4796
4794,4704,4793,4795
4795,4788,4794
4796,4793
4797,4470
4798,4494
4799,4498,4823
4800,4543,4676
4801,4521
4802,4521
4803,4521
4804,4527
4805,4527
4806,4539
4807,4539
4808,4539
4809,4540
4810,4540
4811,4824
4812,4562
4813,4756
4814,4565
4815,4565
4816,4565
4817,4542,4818
4818,4817
4819,4698
4820,4821
4821,4576,4600,4603,4820
4822,4641
4823,4799
4824,4674,4811
4825,4781
4826,4682
4827,4533,4652,4681
4828,4671,4783
4829,4867,4885,4898
4830,4867,4875
4831,3323,4832,4846
4832,3332,4831,4900
4833,4478,4838,4842,4890
4834,4897,4899
4835,4848,4917,4924
4836,4837
4837,4836,4838,4850,4885,4898
4838,2313,4833,4837
4839,4882,4891,4905
4840,4904,4905
4841,4842,4843,4844,4868
4842,4833,4841,4845,4888
4843,4841
4844,4841
4845,4842
4846,3455,4831
4847,4849
4848,4835,4849,4879
4849,4847,4848,4874,4884,4901
4850,2397,4837
4851,3382,3386,4909,4910,4923
4852,4856,4893
4853,4861,4883
4854,4855
4855,2266,4854,4898
4856,981,4852
4857,4860,4872
4858,4860
4859,4861
4860,2366,4857,4858,4861
4861,4853,4859,4860
4862,3296,4538,4868
4863,3544,4864,4879
4864,4863,4878
4865,3319,4880,4888
4866,3338,4924
4867,4538,4829,4830,4868
4868,4475,4841,4862,4867,4869,4870,4926
4869,4868
4870,4868
4871,4881,4914
4872,4857,4894
4873,4874,4891,4906,4918
4874,4849,4873,4892
4875,4830,4885,4886
4876,3342,3370,4877
4877,3334,3343,4484,4876,4884
4878,4864,4886
4879,3373,3388,4848,4863,4880,4882,4915,4921,4925
4880,4865,4879,4903
4881,4871,4901,4916
4882,4839,4879
4883,139,4853
4884,3349,4849,4877
4885,4829,4837,4875
4886,3643,3650,4875,4878,4887
4887,4886,4888,4889
4888,4842,4865,4887,4890
4889,3346,4887,4890,4901
4890,4833,4888,4889
4891,4839,4873
4892,4874,4894
4893,4852,4894
4894,69,4872,4892,4893,4895
4895,1031,4894
4896,4926
4897,4834,4927
4898,2215,4829,4837,4855
4899,4834,4900,4927
4900,4832,4899,4926
4901,4849,4881,4889
4902,4903,4908,4910,4922
4903,1034,4880,4902
4904,4840,4906
4905,4839,4840
4906,4873,4904
4907,4908,4909
4908,4902,4907
4909,4851,4907,4920
4910,4851,4902
4911,4915,4925
4912,4922
4913,4924
4914,4871,4919
4915,4879,4911
4916,4881
4917,4835
4918,4873,4923
4919,4914,4925
4920,4909
4921,4879
4922,4902,4912
4923,4851,4918
4924,4835,4866,4913
4925,4879,4911,4919
4926,4868,4896,4900
4927,4897,4899
4928,4696,4929
4929,777,4928,4930
4930,4929,4939
4931,4,4932,4938
4932,4931
4933,4935,4936
4934,4935,4940
4935,783,4933,4934
4936,4933,4938
4937,4939
4938,4931,4936
4939,4930,4937
4940,4934,4941
4941,820,4940
